Workbook
Name CIĘCIE: OFFSET(TERMO!$R$33,0,0,ROWS(TERMO!$R$34:$R$40)-COUNTBLANK(TERMO!$R$34:$R$40),1)
Name Frez: OFFSET(FREZ!$F$36,0,0,COUNT(FREZ!$G$36:$G$52),1)
Name TERMO: OFFSET(TERMO!$R$34,0,0,ROWS(TERMO!$R$34:$R$40)-COUNTBLANK(TERMO!$R$34:$R$40),1)

Sheet KALKULATOR
A1: 0.00069444444 | B1: =VLOOKUP(F1,Tabela1[[Nazwa]:[indeks2]],32,FALSE) -> PŁVKBB-3,02,05x3,05 | C1: Materiał --> | E1: Nazwa | F1: Płyta VIVAK b/b 2050x3050 ≠3 | H1: Nakład elementu | I1: 100
A2: FALSE | B2: 0.041666667
J3: KOSZT | L3: CZAS
C4: Wymiary formatki | E4: ILOŚĆ UŻYTKÓW NA FORMATCE | F4: ILOŚĆ KOLORÓW | G4: ILOŚĆ PRZELOTÓW | H4: RODZAJ FARBY | J4: ="Dla przedstawionych parametrów korzystniejszy druk jest na "&DRUK!D78 -> Dla przedstawionych parametrów korzystniejszy druk jest na Atma | P4: Alternatywna maszyna | R4: =DRUK!D79 -> x
A5: TRUE | C5: dłuższa krawędź [mm] | D5: krótsza krawędź [mm] | J5: OPERACJA NAKŁAD | K5: PRZEZBROJENIE NAKŁAD | L5: OPERACJA NAKŁAD | M5: PRZEZBROJENIE NAKŁAD | N5: CZAS NA 1 SZTUKĘ | R5: OPERACJA NAKŁAD | S5: PRZEZBROJENIE NAKŁAD
C6: 1500 | D6: 1000 | E6: 1 | F6: 5 | G6: 5 | H6: srebrna | J6: =IF(A5=A2,0,DRUK!B81) -> 1822.0139 | K6: =IF(A5=A2,0,DRUK!B82) -> 1958.3333 | L6: =DRUK!B78 -> 0.2259838 | M6: =DRUK!B79 -> 0.17361111 | N6: =L6/$I$1 -> 0.002259838 | P6: =DRUK!D79 -> x | R6: =IF(P6="x","x",DRUK!F37) -> x | S6: =IF(P6="x","x",DRUK!F38) -> x
O8: DODATKOWE OPERACJE
C9: Wymiary formatki | E9: ILOSĆ UŻYTKÓW NA FORMATCE | F9: JAKOŚĆ WYDRUKU | J9: KOSZT | L9: CZAS | O9: MALOWANIE PRIMEREM
A10: TRUE | C10: dłuższa krawędź [mm] | D10: krótsza krawędź [mm] | J10: OPERACJA NAKŁAD | K10: PRZEZBROJENIE NAKŁAD | L10: OPERACJA NAKŁAD | M10: PRZEZBROJENIE NAKŁAD | N10: CZAS NA 1 SZTUKĘ | O10: OPERACJA NAKŁAD | P10: PRZEZBROJENIE NAKŁAD
C11: 600 | D11: 600 | E11: 1 | F11: Do podświetleń/wysoka jakość/bezbarwny | J11: =IF(A10=A2,0,DRUK!M10) -> 702.17102 | K11: =IF(A10=A2,0,DRUK!M11) -> 21.666667 | L11: =DRUK!L10 -> 0.16159328 | M11: =DRUK!L11 -> 0.0069444444 | N11: =L11/$I$1 -> 0.0016159328 | O11: x | P11: x
C13: Wymiary formatki | E13: ILOSĆ UŻYTKÓW NA FORMATCE | J13: KOSZT | L13: CZAS
A14: TRUE | C14: szerokość (druk z roli) [mm] | D14: długość (druk z roli) [mm] | J14: OPERACJA NAKŁAD | K14: PRZEZBROJENIE NAKŁAD | L14: OPERACJA NAKŁAD | M14: PRZEZBROJENIE NAKŁAD | N14: CZAS NA 1 SZTUKĘ
C15: 1400 | D15: 1000 | E15: 5 | J15: =IF(A2=A14,0,DRUK!M38) -> 690.47333 | K15: =IF(A2=A14,0,DRUK!M39) -> 16.25 | L15: =DRUK!L38 -> 0.44261111 | M15: =DRUK!L39 -> 0.010416667 | N15: =L15/$I$1 -> 0.0044261111
J17: KOSZT | L17: CZAS
A18: TRUE | C18: RODZAJ ELEMENTÓW | D18: ILOSĆ UŻYTKÓW NA FORMATCE | E18: ILOŚĆ MATRYC | J18: OPERACJA NAKŁAD | K18: PRZEZBROJENIE NAKŁAD | L18: OPERACJA NAKŁAD | M18: PRZEZBROJENIE NAKŁAD | N18: CZAS NA 1 SZTUKĘ
C19: CZÓŁKA DO TREI itp.. | D19: 1 | E19: 3 | J19: =IF(A2=A18,0,DRUK!M62) -> 58.444444 | K19: =IF(A2=A18,0,DRUK!M63) -> 186.66667 | L19: =DRUK!L62 -> 0.024189815 | M19: =DRUK!L63 -> 0.097222222 | N19: =L19/$I$1 -> 0.00024189815
O21: Dodatkowe operacje
J22: KOSZT | L22: CZAS | O22: Docinanie po laminowaniu
A23: TRUE | C23: WIELKOŚĆ FORMATKI | D23: ILOSĆ UŻYTKÓW NA FORMATCE | E23: FORMATOWANIE PO LAMINOWANIU | F23: DŁUGOŚĆ DOCINANIA [mm] | J23: OPERACJA NAKŁAD | K23: PRZEZBROJENIE NAKŁAD | L23: OPERACJA NAKŁAD | M23: PRZEZBROJENIE NAKŁAD | N23: CZAS NA 1 SZTUKĘ | O23: OPERACJA NAKŁAD | P23: PRZEZBROJENIE NAKŁAD
C24: B2 | D24: 1 | E24: Z FORMATOWANIEM | F24: 130 | J24: =IF(A2=A23,0,DRUK!M87+DRUK!M89) -> 93.360075 | K24: =IF(A2=A23,0,DRUK!M88+DRUK!M90) -> 9 | L24: =DRUK!L87 -> 0.094492814 | M24: =DRUK!L88 -> 0.0069444444 | N24: =L24/$I$1 -> 0.00094492814 | O24: =DRUK!L89 -> 0.015335648 | P24: =DRUK!L90 -> 0.0034722222
C27: ILOSĆ NAKLEJEK NA FORMATCE | D27: DŁUGOŚĆ NAKLEJKI [mm] | E27: SZEROKOŚĆ NAKLEJKI [mm] | F27: Typ klejenia | J27: KOSZT | L27: CZAS
A28: TRUE | C28: 1 | D28: 600 | E28: 300 | F28: Na mokro | J28: OPERACJA NAKŁAD | K28: PRZEZBROJENIE NAKŁAD | L28: OPERACJA NAKŁAD | M28: PRZEZBROJENIE NAKŁAD | N28: CZAS NA 1 SZTUKĘ
C29: Rodzaj elementu wyklejanego | D29: Typ docinania | E29: Długość docinania | F29: Typ naklejki | J29: =IF(A2=A28,0,DRUK!T12) -> 176.21078 | K29: =IF(A2=A28,0,DRUK!T13) -> 3.1666667 | L29: =DRUK!S12 -> 0.19321357 | M29: =DRUK!S13 -> 0.0034722222 | N29: =L29/$I$1 -> 0.0019321357
C30: Formatka | D30: linia, koło | E30: 130 | F30: folia-lustro (złoto), folia oracal
J32: KOSZT | L32: CZAS
A33: TRUE | C33: MATERIAŁ | D33: ZADRUKOWANE? | E33: ILOSĆ UŻYTKÓW NA FORMATCE | F33: ŁĄCZNA DŁUGOŚĆ ŚCIEŻEK [MM] | J33: OPERACJA NAKŁAD | K33: PRZEZBROJENIE NAKŁAD | L33: OPERACJA NAKŁAD | M33: PRZEZBROJENIE NAKŁAD | N33: CZAS NA 1 SZTUKĘ
C34: FOLIA | D34: Z DRUKIEM | E34: 1 | F34: 1500 | J34: =IF(A2=A33,0,DRUK!T39) -> 100 | K34: =IF(A2=A33,0,DRUK!T40) -> 20 | L34: =DRUK!S39 -> 0.069444444 | M34: =DRUK!S40 -> 0.013888889 | N34: =L34/$I$1 -> 0.00069444444
O38: Dodatkowe operacje
J39: KOSZT | L39: CZAS | O39: WYRYWANIE
C40: WIELKOŚĆ FORMATKI | D40: ILOSĆ UŻYTKÓW NA FORMATCE | E40: ILOŚĆ Z WYKROJNIKA | J40: OPERACJA NAKŁAD | K40: PRZEZBROJENIE NAKŁAD | L40: OPERACJA NAKŁAD | M40: PRZEZBROJENIE NAKŁAD | N40: CZAS NA 1 SZTUKĘ | O40: OPERACJA NAKŁAD | P40: PRZEZBROJENIE NAKŁAD
A41: TRUE | C41: B0+ | D41: 1 | E41: 1 | J41: =IF(A2=A41,0,INTRO!G14+INTRO!G16) -> 189.33333 | K41: =IF(A2=A41,0,INTRO!G15+INTRO!G17) -> 56.333333 | L41: =INTRO!F14 -> 0.020833333 | M41: =INTRO!F15 -> 0.020833333 | N41: =L41/$I$1 -> 0.00020833333 | O41: =INTRO!F16 -> 0.15277778 | P41: =INTRO!F17 -> 0.0069444444
C42: Wyrywanie | D42: RODZAJ FORMATKI | E42: ILOŚĆ UŻYTKÓW DO WYRWANIA
C43: TAK | D43: Błona | E43: 30
J45: KOSZT | L45: CZAS
C46: WIELKOŚĆ FORMATKI | D46: ILOSĆ UŻYTKÓW NA FORMATCE | J46: OPERACJA NAKŁAD | K46: PRZEZBROJENIE NAKŁAD | L46: OPERACJA NAKŁAD | M46: PRZEZBROJENIE NAKŁAD | N46: CZAS NA 1 SZTUKĘ
A47: TRUE | C47: B0 | D47: 1 | J47: =IF(A2=A47,0,INTRO!N9) -> 25.972222 | K47: =IF(A2=A47,0,INTRO!N10) -> 27.5 | L47: =INTRO!M9 -> 0.019675926 | M47: =INTRO!M10 -> 0.020833333 | N47: =L47/$I$1 -> 0.00019675926
J49: KOSZT | L49: CZAS
C50: NA ILE POCIĄĆ? | D50: ILOSĆ UŻYTKÓW NA FORMATCE | E50: RODZAJ MATERIAŁU | J50: OPERACJA NAKŁAD | K50: PRZEZBROJENIE NAKŁAD | L50: OPERACJA NAKŁAD | M50: PRZEZBROJENIE NAKŁAD | N50: CZAS NA 1 SZTUKĘ
A51: TRUE | C51: 10 | D51: 2 | E51: Kaszerowany | J51: =IF(A2=A51,0,INTRO!X17) -> #VALUE! | K51: =IF(A2=A51,0,INTRO!X18) -> 13.75 | L51: =INTRO!W17 -> #VALUE! | M51: =INTRO!W18 -> 0.010416667 | N51: =L51/$I$1 -> #VALUE!
J53: KOSZT | L53: CZAS
L54: Czas wiercenia Homag/BHX
C55: ILOSĆ UŻYTKÓW NA FORMATCE | D55: ILOŚĆ OTWORÓW | J55: OPERACJA NAKŁAD | K55: PRZEZBROJENIE NAKŁAD | L55: OPERACJA NAKŁAD | M55: PRZEZBROJENIE NAKŁAD | N55: CZAS NA 1 SZTUKĘ
A56: TRUE | C56: 1 | D56: 2 | J56: =IF(A2=A56,0,DREWNO!F5) -> 105.55556 | K56: =IF(A2=A56,0,DREWNO!F6) -> 31.666667 | L56: =DREWNO!E5 -> 0.046296296 | M56: =DREWNO!E6 -> 0.013888889 | N56: =L56/$I$1 -> 0.00046296296
J58: KOSZT | L58: CZAS
A59: TRUE | C59: ILOSĆ UŻYTKÓW NA FORMATCE | D59: ILOŚĆ OTWORÓW | E59: ILOŚĆ PRZELOTÓW | J59: OPERACJA NAKŁAD | K59: PRZEZBROJENIE NAKŁAD | L59: OPERACJA NAKŁAD | M59: PRZEZBROJENIE NAKŁAD | N59: CZAS NA 1 SZTUKĘ
C60: 1 | D60: 1 | E60: 1 | J60: =IF(A2=A59,0,DREWNO!F25) -> 56.388889 | K60: =IF(A2=A59,0,DREWNO!F26) -> 11.666667 | L60: =DREWNO!E25 -> 0.033564815 | M60: =DREWNO!E26 -> 0.0069444444 | N60: =L60/$I$1 -> 0.00033564815
J63: KOSZT | L63: CZAS
A64: TRUE | C64: ILOSĆ UŻYTKÓW NA FORMATCE | D64: NA ILE POCIĄĆ? | J64: OPERACJA NAKŁAD | K64: PRZEZBROJENIE NAKŁAD | L64: OPERACJA NAKŁAD | M64: PRZEZBROJENIE NAKŁAD | N64: CZAS NA 1 SZTUKĘ
C65: 1 | D65: 2 | J65: =IF(A2=A64,0,DREWNO!L6) -> 201.38889 | K65: =IF(A2=A64,0,DREWNO!L7) -> 16.666667 | L65: =DREWNO!K6 -> 0.083912037 | M65: =DREWNO!K7 -> 0.0069444444 | N65: =L65/$I$1 -> 0.00083912037
J68: KOSZT | L68: CZAS
A69: TRUE | C69: ILOSĆ UŻYTKÓW NA FORMATCE | D69: DŁUGOŚĆ OKLEJANIA [MM] | J69: OPERACJA NAKŁAD | K69: PRZEZBROJENIE NAKŁAD | L69: OPERACJA NAKŁAD | M69: PRZEZBROJENIE NAKŁAD | N69: CZAS NA 1 SZTUKĘ
C70: 1 | D70: 8000 | J70: =IF(A2=A69,0,DREWNO!L29) -> 266.66667 | K70: =IF(A2=A69,0,DREWNO!L30) -> 33.333333 | L70: =DREWNO!K29 -> 0.11111111 | M70: =DREWNO!K30 -> 0.013888889 | N70: =L70/$I$1 -> 0.0011111111
O73: Alternatywa
J74: KOSZT | L74: CZAS HOMAG | O74: Czas Jaroma+czas Homag
A75: TRUE | C75: ILOSĆ UŻYTKÓW NA FORMATCE | D75: DŁUGOŚĆ OKLEJANIA [MM] | E75: ILOŚĆ KRAWĘDZI | J75: OPERACJA NAKŁAD | K75: PRZEZBROJENIE NAKŁAD | L75: OPERACJA NAKŁAD | M75: PRZEZBROJENIE NAKŁAD | N75: CZAS NA 1 SZTUKĘ | O75: OPERACJA NAKŁAD JAROMA | P75: PRZEZBROJENIE NAKŁAD JAROMA | Q75: OPERACJA NAKŁAD HOMAG | R75: PRZEZBROJENIE NAKŁAD HOMAG
C76: 1 | D76: 2300 | E76: 1 | J76: =IF(A2=A75,0,DREWNO!L49) -> 427.95139 | K76: =IF(A2=A75,0,DREWNO!L50) -> 17 | L76: =DREWNO!K49 -> 0.20978009 | M76: =DREWNO!L50 -> 17 | N76: =L76/$I$1 -> 0.0020978009 | O76: =DREWNO!K54 -> 0.15972222 | P76: =DREWNO!K55 -> 0.020833333 | Q76: =DREWNO!L54 -> 0.15787037 | R76: =DREWNO!L55 -> 0.0034722222
J79: KOSZT | L79: CZAS HOMAG
A80: TRUE | C80: Wielkość formatki | D80: ILOSĆ UŻYTKÓW NA FORMATCE | E80: ŁĄCZNA DŁUGOŚĆ ŚĆIEŻEK [mm] | J80: OPERACJA NAKŁAD | K80: PRZEZBROJENIE NAKŁAD | L80: OPERACJA NAKŁAD | M80: PRZEZBROJENIE NAKŁAD | N80: CZAS NA 1 SZTUKĘ
C81: do B2 | D81: 1 | E81: 1500 | J81: =IF(A2=A80,0,DREWNO!E52) -> 134.58333 | K81: =IF(A2=A80,0,DREWNO!E53) -> 14.166667 | L81: =DREWNO!D52 -> 0.065972222 | M81: =DREWNO!D53 -> 0.0069444444 | N81: =L81/$I$1 -> 0.00065972222
J83: KOSZT | L83: CZAS
A84: TRUE | C84: ILOSĆ UŻYTKÓW NA FORMATCE | D84: ŁĄCZNA DŁUGOŚĆ ŚĆIEŻEK [mm] | E84: RODZAJ FORM | J84: OPERACJA NAKŁAD | K84: PRZEZBROJENIE NAKŁAD | L84: OPERACJA NAKŁAD | M84: PRZEZBROJENIE NAKŁAD | N84: CZAS NA 1 SZTUKĘ
C85: 1 | D85: 2000 | E85: 2D | J85: =IF(A2=A84,0,FORMY!G9) -> 333.33333 | K85: =IF(A2=A84,0,FORMY!G10) -> 16.666667 | L85: =FORMY!F9 -> 0.27777778 | M85: =FORMY!F10 -> 0.013888889 | N85: =L85/$I$1 -> 0.0027777778
J87: KOSZT | L87: CZAS
A88: TRUE | C88: ILOSĆ UŻYTKÓW NA FORMATCE | D88: ŁĄCZNA DŁUGOŚĆ ŚĆIEŻEK [mm] | J88: OPERACJA NAKŁAD | K88: PRZEZBROJENIE NAKŁAD | L88: OPERACJA NAKŁAD | M88: PRZEZBROJENIE NAKŁAD | N88: CZAS NA 1 SZTUKĘ
C89: 1 | D89: 2500 | J89: =IF(A2=A88,0,FORMY!P13) -> 336.88272 | K89: =IF(A2=A88,0,FORMY!P14) -> 16.666667 | L89: =FORMY!O13 -> 0.2807356 | M89: =FORMY!O14 -> 0.013888889 | N89: =L89/$I$1 -> 0.002807356
O91: ALTERNATYWA
J92: KOSZT | L92: CZAS NOWY LASER | O92: CZAS STARY LASER
C93: ILOSĆ UŻYTKÓW NA FORMATCE | D93: ŁĄCZNA DŁUGOŚĆ ŚĆIEŻEK [mm] | J93: OPERACJA NAKŁAD | K93: PRZEZBROJENIE NAKŁAD | L93: OPERACJA NAKŁAD | M93: PRZEZBROJENIE NAKŁAD | N93: CZAS NA 1 SZTUKĘ | O93: OPERACJA NAKŁAD | P93: PRZEZBROJENIE NAKŁAD
A94: TRUE | C94: 1 | D94: 2000 | J94: =IF(A2=A94,0,FORMY!Y10) -> 105.67739 | K94: =IF(A2=A94,0,FORMY!Y11) -> 16.666667 | L94: =FORMY!X10 -> 0.095403197 | M94: =FORMY!X11 -> 0.013888889 | N94: =L94/$I$1 -> 0.00095403197 | O94: =FORMY!Z10 -> 0.095403197 | P94: =FORMY!Z11 -> 0.013888889
J96: KOSZT TERMOFORMOWANIA | L96: CZAS TERMOFORMOWANIE | R96: CZAS TERMOFORMOWANIE
C97: WIELKOŚĆ TŁOCZONEJ FORMATKI | D97: ILOSĆ UŻYTKÓW NA FORMATCE/ ILOŚĆ Z FORMY | E97: STEMPEL | F97: GŁĘBOKOŚĆ TŁOCZENIA [MM] | J97: OPERACJA NAKŁAD | K97: PRZEZBROJENIE NAKŁAD | L97: OPERACJA NAKŁAD | M97: PRZEZBROJENIE NAKŁAD | N97: CZAS NA 1 SZTUKĘ | P97: Alternatywna maszyna | R97: OPERACJA NAKŁAD | S97: PRZEZBROJENIE NAKŁAD
C98: 750x1000 | D98: 1 | E98: NIE | F98: 150 | J98: =IF(A2=A100,0,TERMO!L7) -> 572.25 | K98: =IF(A2=A100,0,TERMO!L8) -> 52.5 | L98: =TERMO!K7 -> 0.309375 | M98: =TERMO!K8 -> 0.03125 | N98: =L98/$I$1 -> 0.00309375 | P98: Z PŁYTY TF 25G 2 PIECE | R98: =VLOOKUP(P98,TERMO!I34:L41,2,FALSE) -> 0.33020833 | S98: =VLOOKUP(P98,TERMO!I34:L41,3,FALSE) -> 0.083333333
J99: KOSZT SZTANCOWANIA | L99: CZAS SZTANCOWANIA
A100: TRUE | C100: SZTANCOWANE? | D100: ELEMENT | J100: OPERACJA NAKŁAD | K100: PRZEZBROJENIE NAKŁAD | L100: OPERACJA NAKŁAD | M100: PRZEZBROJENIE NAKŁAD | N100: CZAS NA 1 SZTUKĘ
C101: NIE | D101: TACKI | J101: =IF(OR(C101="nie",A2=A100),0,TERMO!AH8) -> 0 | K101: =IF(OR(C101="nie",A2=A100),0,TERMO!AH9) -> 0 | L101: =IF(C101="nie",0,TERMO!AG8) -> 0 | M101: =IF(C101="nie",0,TERMO!AG9) -> 0 | N101: =L101/$I$1 -> 0
J102: KOSZT CIĘCIA | L102: CZAS CIĘCIA
C103: CIĘTE NA PILE? | D103: RODZAJ ODKŁADANIA | E103: WILKOŚĆ WYTŁOCZKI | J103: OPERACJA NAKŁAD | K103: PRZEZBROJENIE NAKŁAD | L103: OPERACJA NAKŁAD | M103: PRZEZBROJENIE NAKŁAD | N103: CZAS NA 1 SZTUKĘ
C104: TAK | D104: UKŁADANIE I SORTOWANIE | E104: do 0,5m | J104: =IF(OR(C104="nie",A2=A100),0,TERMO!W8) -> 28.611111 | K104: =IF(OR(C104="nie",A2=A100),0,TERMO!W9) -> 5.8333333 | L104: =IF(C104="nie",0,TERMO!V8) -> 0.034060847 | M104: =IF(C104="nie",0,TERMO!V9) -> 0.0069444444 | N104: =L104/$I$1 -> 0.00034060847
J106: KOSZT | L106: CZAS
A107: TRUE | C107: RODZAJ ELEMENTU | D107: ILOSĆ UŻYTKÓW NA FORMATCE | E107: DŁUGOŚĆ FREZOWANIA [MM] | J107: OPERACJA NAKŁAD | K107: PRZEZBROJENIE NAKŁAD | L107: OPERACJA NAKŁAD | M107: PRZEZBROJENIE NAKŁAD | N107: CZAS NA 1 SZTUKĘ
C108: WYTŁOCZKA OBRÓBKA NIEPROSTOLINIOWA | D108: 1 | E108: 250 | J108: =IF(A2=A107,0,FREZ!G8) -> 55.681818 | K108: =IF(A2=A107,0,FREZ!G9) -> 8.75 | L108: =FREZ!F8 -> 0.066287879 | M108: =FREZ!F9 -> 0.010416667 | N108: =L108/$I$1 -> 0.00066287879
J110: KOSZT | L110: CZAS
A111: TRUE | C111: RODZAJ ELEMENTU/ OBRÓBKI | D111: ILOSĆ UŻYTKÓW NA FORMATCE | E111: DŁUGOŚĆ CIĘCIA [MM] | J111: OPERACJA NAKŁAD | K111: PRZEZBROJENIE NAKŁAD | L111: OPERACJA NAKŁAD | M111: PRZEZBROJENIE NAKŁAD | N111: CZAS NA 1 SZTUKĘ
C112: WYTŁOCZKA | D112: 1 | E112: 200 | J112: =IF(A2=A111,0,FREZ!P8) -> 26.25 | K112: =IF(A2=A111,0,FREZ!P9) -> 8.75 | L112: =FREZ!O8 -> 0.03125 | M112: =FREZ!O9 -> 0.010416667 | N112: =L112/$I$1 -> 0.0003125
J114: KOSZT | L114: CZAS
C115: ELEMENT | D115: WYRÓB/ OPERACJA | E115: ILOSĆ UŻYTKÓW NA FORMATCE | J115: OPERACJA NAKŁAD | K115: PRZEZBROJENIE NAKŁAD | L115: OPERACJA NAKŁAD | M115: PRZEZBROJENIE NAKŁAD | N115: CZAS NA 1 SZTUKĘ
A116: TRUE | C116: TACKI FREZOWANIE FASOLKI 1PKT | D116: TACKI FREZOWANIE FASOLKI 1PKT | E116: 1 | J116: =IF(A2=A116,0,FREZ!I32) -> 30 | K116: =IF(A2=A116,0,0) -> 0 | L116: =FREZ!E58 -> 0.020833333 | M116: ? | N116: =L116/$I$1 -> 0.00020833333
J118: KOSZT | L118: CZAS
C119: ELEMENT | D119: WYRÓB/ OPERACJA | E119: ILOSĆ UŻYTKÓW NA FORMATCE | J119: OPERACJA NAKŁAD | K119: PRZEZBROJENIE NAKŁAD | L119: OPERACJA NAKŁAD | M119: PRZEZBROJENIE NAKŁAD | N119: CZAS NA 1 SZTUKĘ
A120: TRUE | C120: KĄTOWNIK WTRYSKOWY | D120: CIĘCIE NÓŻEK | E120: 1 | J120: =IF(A2=A120,0,FREZ!R32) -> 40 | K120: =IF(A2=A120,0,0) -> 0 | L120: =FREZ!Q32 -> 0.027777778 | M120: ? | N120: =L120/$I$1 -> 0.00027777778
J122: KOSZT | L122: CZAS
A123: TRUE | C123: ILOSĆ UŻYTKÓW NA FORMATCE | D123: ŁĄCZNA DŁUGOŚĆ ŚĆIEŻEK [mm] | E123: ILOŚĆ ŚCIEŻEK NA 1 FORMATCE | J123: OPERACJA NAKŁAD | K123: PRZEZBROJENIE NAKŁAD | L123: OPERACJA NAKŁAD | M123: PRZEZBROJENIE NAKŁAD | N123: CZAS NA 1 SZTUKĘ
C124: 1 | D124: 2000 | E124: 15 | J124: =IF(A2=A123,0,METAL!N4) -> #N/A | K124: =IF(A2=A123,0,METAL!N5) -> 0.33333333 | L124: =METAL!M4 -> #N/A | M124: =METAL!M5 -> 0.013888889 | N124: =L124/$I$1 -> #N/A
J126: KOSZT | L126: CZAS
C127: RODZAJ GIĘCIA | D127: ILOŚĆ GIĘĆ | J127: OPERACJA NAKŁAD | K127: PRZEZBROJENIE NAKŁAD | L127: OPERACJA NAKŁAD | M127: PRZEZBROJENIE NAKŁAD | N127: CZAS NA 1 SZTUKĘ
A128: TRUE | C128: KĄTOWE | D128: 4 | J128: =IF($A$2=A128,0,METAL!N28) -> 1.6666667 | K128: =IF($A$2=A128,0,METAL!N29) -> 0.66666667 | L128: =METAL!M28 -> 0.069444444 | M128: =METAL!M29 -> 0.027777778 | N128: =L128/$I$1 -> 0.00069444444
J130: KOSZT SPAWANIE | L130: CZAS SPAWANIE
C131: ILOŚĆ ELEMENTÓW W MODULE | D131: ILOŚĆ SPAWÓW PUNKTOWYCH | E131: ILOŚĆ SPAWÓW POWYŻEJ 20mm | F131: ŁĄCZNA DŁUGOŚĆ SPAWÓW POWYŻEJ 20mm | J131: OPERACJA NAKŁAD | K131: PRZEZBROJENIE NAKŁAD | L131: OPERACJA NAKŁAD | M131: PRZEZBROJENIE NAKŁAD | N131: CZAS NA 1 SZTUKĘ
A132: TRUE | C132: 2 | D132: 8 | J132: =IF($A$2=A132,0,METAL!N38) -> 4.3333333 | K132: =IF($A$2=A132,0,METAL!N39) -> 0.16666667 | L132: =METAL!M38 -> 0.18055556 | M132: =METAL!M39 -> 0.0069444444 | N132: =L132/$I$1 -> 0.0018055556
J133: KOSZT SZLIFOWANIE PO SPAWANIU | L133: CZAS SZLIFOWANIE PO SPAWANIU
...

Sheet DRUK
A1: 0.00069444444 | B1: 0.041666667 | V1: TAK
G2: UV | N2: WYKLEJANIE RĘCZNE | V2: NIE
A3: Wymiary formatki | B3: =KALKULATOR!C6 -> 1500 | C3: =KALKULATOR!D6 -> 1000 | D3: =B3*C3/1000000 -> 1.5 | G3: =KALKULATOR!C11 -> 600 | H3: =KALKULATOR!D11 -> 600 | I3: =G3*H3/1000000 -> 0.36 | K3: Ploter Aquity | L3: koszt maszyna | M3: =VLOOKUP(K3,Tabela13[[Maszyna]:[Stawka]],2,FALSE) -> 130 | N3: ILOŚĆ NAKLEJEK | O3: =KALKULATOR!I1/KALKULATOR!C28 -> 100 | S3: koszt maszyny | T3: 38
A4: Ilość formatek do druku | B4: =KALKULATOR!I1/KALKULATOR!E6 -> 100 | E4: koszt [m^2] - 1 kolor | G4: Ilość formatek | H4: =KALKULATOR!I1/KALKULATOR!E11 -> 100 | L4: operacja reczna | M4: 38 | N4: DŁUGOŚĆ NAKLEJKI [mm] | O4: =KALKULATOR!D28 -> 600
A5: Materiał | B5: =VLOOKUP(KALKULATOR!B1,Materiały_zakupowe!A:AC,17,FALSE) -> inne | D5: Pokrycie - farba | E5: zwykła | F5: srebrna | G5: =VLOOKUP(H3,$J$13:$M$16,MATCH(G3,J13:M13,1),TRUE) -> do b1 | N5: SZEROKOŚĆ NAKLEJKI [mm] | O5: =KALKULATOR!E28 -> 300
D6: 2 | E6: 0.68 | F6: 1.2 | G6: Primer | L6: Powierzchnia nakładu | M6: =I3*H4 -> 36 | N6: Typ klejenia | O6: =KALKULATOR!F28 -> Na mokro
A7: =B5&VLOOKUP(C3,$A$15:$C$17,MATCH(B3,A15:C15,1),TRUE) -> innePowyżej B0 | E7: HDF SUROWA | F7: 6 | L7: koszt farby | M7: 5.5 | N7: Rodzaj elementu wyklejanego | O7: =KALKULATOR!C30 -> Formatka
E8: koszt [m^2] | F8: =IF(D13="TAK",F7,HLOOKUP(KALKULATOR!H6,DRUK!E5:F6,2,FALSE)) -> 1.2 | G8: Do podświetleń/wysoka jakość/bezbarwny | H8: 4.6 | L8: koszt farby nakład | M8: =M7*M6 -> 198 | N8: Typ docinania | O8: =KALKULATOR!D30 -> linia, koło
A9: Materiał&Powierzchnia | B9: maszyna | G9: Inne | H9: 8.25 | N9: Długość docinania | O9: =KALKULATOR!E30 -> 130
A10: DrewnoDo B0 | B10: Insignia | E10: Powierzchnia nakładu | F10: =D3*B4 -> 150 | K10: Druk | L10: =IF(AND(H4>25,MIN(G3:H3)>=600),L21*H4,IF(OR(G3="",H3="",H4=""),"",((H22+H23+VLOOKUP(G5,G19:J21,3,FALSE)*L25)+VLOOKUP(G5,G19:J21,2,FALSE))*IF(H4<L25,1,ROUNDDOWN(H4/L25,0)))) -> 0.16159328 | M10: =(L10*$M$3*24)+M8 -> 702.17102 | N10: Typ naklejki | O10: =KALKULATOR!F30 -> folia-lustro (złoto), folia oracal
A11: DrewnoPowyżej B0 | B11: Atma | K11: Przezbrojenei | L11: 0.0069444444 | M11: =L11*$M$3*24 -> 21.666667
A12: InneDo B0 | B12: Insignia | D12: Czy HDF surowa | F12: zwykła | G12: Maksymalna pow zadruku stare UV | Q12: Operacja | R12: =SUM(Q24:R24) -> 0.0019321357 | S12: =SUM(Q24:R24)*O3 -> 0.19321357 | T12: =S12*24*$T$3 -> 176.21078
A13: InnePowyżej B0 | B13: Atma | D13: =IF(AND(ISNUMBER(SEARCH("HDF",KALKULATOR!F1,1)),ISNUMBER(SEARCH("surowa",KALKULATOR!F1,1))),"TAK","NIE") -> NIE | F13: srebrna | G13: 2500 | K13: 1 | L13: 1001 | M13: 1401 | N13: =(O4*O5)/(1000^2) -> 0.18 | Q13: Przezbrojenei | S13: 0.0034722222 | T13: =S13*24*$T$3 -> 3.1666667
G14: 1200 | J14: 1 | K14: do b1 | L14: do b0 | M14: powyżej b0
B15: 1 | C15: 1401 | J15: 701 | K15: do b0 | L15: do b0 | M15: powyżej b0 | N15: linia, koło | O15: 1 | P15: formatka | Q15: 1
A16: 1 | B16: Do B0 | C16: Powyżej B0 | J16: 1001 | K16: do b0 | L16: powyżej b0 | M16: powyżej b0 | N16: kształt | O16: 1.5 | P16: wytłoczka | Q16: 1.5
A17: 1001 | B17: Powyżej B0 | C17: Powyżej B0 | N17: Na sucho | O17: 1 | P17: naklejka | Q17: 1 | R17: 0 | S17: 0.00028935185
G18: Wielkość formatki | H18: Dojazd | I18: Wymiana | J18: Wymiana + dojazd | N18: Na mokro | O18: 1.33 | P18: folia-lustro (złoto), folia oracal | Q18: 1.33 | R18: 0.0025 | S18: 0.0016589506
G19: powyżej B0 | H19: 0.00052083333 | I19: 0.00052083333 | J19: 0.0010416667 | P19: folia szron | Q19: 2 | R19: 0.0225 | S19: 0.001009838
G20: do B0 | H20: 0.00052083333 | I20: 0.00034722222 | J20: 0.00086805556 | R20: 0.5 | S20: 0.00026909722
A21: Atma | G21: do B1 | H21: 0.00052083333 | I21: 0.00023148148 | J21: 0.00075231481 | L21: =((SUM(P62:P64)-P63*(2-L25))/L25+SUM(P59:P60))*(1+P61) -> 0.0016159328 | N21: czas wyklejanie | O21: czas docinanie
A22: ilośc kolorów | B22: =KALKULATOR!F6 -> 5 | C22: 0.00069444444 | D22: Atma | E22: Koszt maszyny | F22: =VLOOKUP(D22,Tabela13[[Maszyna]:[Stawka]],2,FALSE) -> 170 | G22: Czas druku | H22: =I25/H26 -> 0.0018077957
A23: ilość przelotów | B23: =KALKULATOR!G6 -> 5 | C23: 8000 | E23: Koszt farby | F23: =F10*F8*B22 -> 900 | G23: Czas zmiany pasów | H23: =H27*H25 -> 0.0052185036 | N23: 2.3148148e-05 | Q23: czas wyklejanie | R23: czas docinanie
A24: Dł rakla | B24: =MAX(B3:C3) -> 1500 | C24: 4000 | D24: TRUDNE PASOWANIA NAKŁADY DO 100szt. | E24: Koszt siatki | F24: 250 | Q24: =VLOOKUP(N13,R17:S20,2,TRUE)*VLOOKUP(O6,N17:O18,2,FALSE)*VLOOKUP(O10,P17:Q19,2,FALSE)*VLOOKUP(O7,P15:Q16,2,FALSE) -> 0.0017863024 | R24: =IF(O9>0,O9/100*N23*VLOOKUP(O8,N15:O16,2,FALSE)+10/24/60/60,0) -> 0.00014583333
A25: Ilość formatek do druku | B25: =KALKULATOR!I1/KALKULATOR!E6 -> 100 | C25: =IF(B25<=150,C24,C23) -> 4000 | G25: ilość pasów | H25: =ROUNDUP((H3/VLOOKUP(KALKULATOR!F11,DRUK!G8:H9,2,FALSE)+4)*2,0) -> 269 | I25: =H25*G3 -> 161400 | K25: liczba formatek na stole | L25: =IF(H4>25,IF(AND(MAX(G3:H3)<=MAX(G13:G14),MIN(G3:H3)<=MIN(G13:G14),MIN(G3:H3)>=600),2,1),1) -> 2
A26: =VLOOKUP(C3,$A$15:$C$17,MATCH(B3,$A$15:$C$15,1),TRUE) -> Powyżej B0 | G26: predkosc | H26: =I26/A1*I27 -> 89280000 | I26: 62
G27: czas zmiany poziomu | H27: =(H28+H29)/H26+I29 -> 1.9399642e-05 | I27: 1000
A28: druk | C28: przezbrojenie | G28: szerokość głowicy + zapas na pas | H28: 855
A29: czas rakla | B29: =B24/C25*C22 -> 0.00026041667 | C29: =IF(A26=E29,F29,F30) -> 0.020833333 | E29: do B0 | F29: 0.010416667 | H29: 40 | I29: 9.375e-06
A30: NAJAZD I POWRÓT STOŁU | B30: 9.2592593e-05 | C30: 0.0069444444 | D30: zatowarowanie | E30: powyżej B0 | F30: 0.020833333
A31: ODBIERANIE FORMATEK | B31: 5.787037e-05 | C31: =F32*B22-F31 -> 0.14236111 | F31: 0.013888889
A32: Czas 1 formatki dla 1 kolor | B32: =SUM(B29:B31) -> 0.00041087963 | C32: 0.0034722222 | F32: 0.03125 | G32: SOLWENT | N32: PLOTER TNĄCY ROLAND
C33: =SUM(C28:C32) -> 0.17361111 | D33: czas przezbrojenia | G33: dł | H33: =KALKULATOR!C15+20 -> 1420 | I33: Papier, Folia | J33: 7000 | K33: Ploter Roland 1 | L33: Koszt maszyny | M33: =VLOOKUP(K33,Tabela13[[Maszyna]:[Stawka]],2,FALSE) -> 65 | N33: MATERIAŁ | O33: =KALKULATOR!C34 -> FOLIA | R33: Ploter Tnący – M | S33: Koszt maszyny | T33: =VLOOKUP(DRUK!R33,Tabela13[[Maszyna]:[Stawka]],2,FALSE) -> 60
G34: szer | H34: =KALKULATOR!D15+20 -> 1020 | I34: Backlite | J34: 3000 | N34: druk | O34: =KALKULATOR!D34 -> Z DRUKIEM
G35: Materiał | H35: backlite | N35: ilosc formatek | O35: =KALKULATOR!I1/KALKULATOR!E34 -> 100
A36: Czas druku | G36: ilość formatek | H36: =KALKULATOR!I1/KALKULATOR!E15 -> 20 | I36: 0.013888889 | N36: ilosc użytków | O36: =KALKULATOR!E34 -> 1
B37: Ilość przelotów | E37: Czas druku | F37: =IF(B22<=B23,C51*1.1,C51*1.1/0) -> 0.2259838 | N37: długość cięcia | O37: =KALKULATOR!F34 -> 1500
A38: 1 KOLOR | B38: =IF($B$23>=1,1,0) -> 1 | C38: =B38*$B$25*$B$32 -> 0.041087963 | E38: Czas przezbrojenia | F38: =IF(B22<=B23,C33,C33/0) -> 0.17361111 | G38: druk | H38: =H33*H34/1000000*B1/(VLOOKUP(H35,I33:J34,2,FALSE)/1000)*H36 -> 0.40233333 | K38: Druk | L38: =SUM(H38:H39) -> 0.44261111 | M38: =$M$33*24*L38 -> 690.47333
A39: 2 KOLOR | B39: =IF($B$23>=2,1,0) -> 1 | C39: =B39*$B$25*$B$32 -> 0.041087963 | G39: czyszczenie | H39: =I39*I36/10 -> 0.040277778 | I39: =ROUNDUP(H38/I36,0) -> 29 | K39: Przezbrojenei | L39: 0.010416667 | M39: =$M$33*24*L39 -> 16.25 | R39: Druk | S39: =O44*O35 -> 0.069444444 | T39: =S39*24*$T$33 -> 100
A40: 3 KOLOR | B40: =IF($B$23>=3,1,0) -> 1 | C40: =B40*$B$25*$B$32 -> 0.041087963 | E40: Koszt druku | F40: =(F37*24*F22)+F23 -> 1822.0139 | H40: =SUM(H38:H39) -> 0.44261111 | N40: prędkość | O40: =VLOOKUP(O33,N48:P49,MATCH(O34,N47:P47,0),FALSE) -> 50 | P40: 1.1574074e-05 | R40: Przezbrojenei | S40: =VLOOKUP(O34,R48:S49,2,FALSE) -> 0.013888889 | T40: =S40*24*$T$33 -> 20
A41: 4 KOLOR | B41: =IF($B$23>=4,1,0) -> 1 | C41: =B41*$B$25*$B$32 -> 0.041087963 | E41: Koszt przezbrojenia | F41: =(F38*24*F22)+(F24*B22) -> 1958.3333
A42: 5 KOLOR | B42: =IF($B$23>=5,1,0) -> 1 | C42: =B42*$B$25*$B$32 -> 0.041087963 | E42: Koszt sumaryczny | F42: =F41+F40 -> 3780.3472 | N42: czas cięcia | O42: =O37/O40*P40 -> 0.00034722222
A43: 6 KOLOR | B43: =IF($B$23>=6,1,0) -> 0 | C43: =B43*$B$25*$B$32 -> 0 | N43: czas zmiany scieżki | O43: 0.00034722222
A44: 7 KOLOR | B44: =IF($B$23>=7,1,0) -> 0 | C44: =B44*$B$25*$B$32 -> 0 | O44: =SUM(O42:O43) -> 0.00069444444
A45: 8 KOLOR | B45: =IF($B$23>=8,1,0) -> 0 | C45: =B45*$B$25*$B$32 -> 0
A46: 9 KOLOR | B46: =IF($B$23>=9,1,0) -> 0 | C46: =B46*$B$25*$B$32 -> 0
A47: 10 KOLOR | B47: =IF($B$23>=10,1,0) -> 0 | C47: =B47*$B$25*$B$32 -> 0 | O47: Z DRUKIEM | P47: BEZ DRUKU
A48: 11 KOLOR | B48: =IF($B$23>=11,1,0) -> 0 | C48: =B48*$B$25*$B$32 -> 0 | N48: FOLIA | O48: 50 | P48: 100 | R48: Z DRUKIEM | S48: 0.013888889
A49: 12 KOLOR | B49: =IF($B$23>=12,1,0) -> 0 | C49: =B49*$B$25*$B$32 -> 0 | N49: FOLIA METALICZNA, BROKAT | O49: 50 | P49: 50 | R49: BEZ DRUKU | S49: 0.0069444444
A50: 13 KOLOR | B50: =IF($B$23>=13,1,0) -> 0 | C50: =B50*$B$25*$B$32 -> 0 | G50: TAMPO
B51: czas total | C51: =SUM(C38:C50) -> 0.20543981 | G51: RODZAJ ELEMENTÓW | H51: =KALKULATOR!C19 -> CZÓŁKA DO TREI itp.. | K51: Tampodrukarka | L51: Koszt maszyny | M51: =VLOOKUP(K51,Stawki_maszyn!B:C,2,FALSE) -> 80 | Q51: UV
G52: Ilość elementów | H52: =KALKULATOR!I1/KALKULATOR!D19 -> 100 | L52: Koszt farby (1 kolor) | M52: 0.04
A53: Insignia | G53: ILOŚĆ MATRYC | H53: =KALKULATOR!E19 -> 3 | L53: Koszt total farby | M53: =(M52*H53)*H52 -> 12
A54: ilość kolorów | B54: =KALKULATOR!G6 -> 5 | C54: Prędkość | D54: Insignia | E54: Koszt maszyny | F54: =VLOOKUP(D54,Tabela13[[Maszyna]:[Stawka]],2,FALSE) -> 210 | O54: Dane techniczne
A55: Długość rakla | B55: =MIN(B3:C3) -> 1000 | C55: =VLOOKUP(B54,E59:F62,2,TRUE) -> 4000 | D55: 0.00069444444 | E55: Koszt farby | F55: =F10*F8*B54 -> 900 | O55: Szerokość Pasa | P55: Prędkość mb/min | Q55: Czas pojedyńczego przejścia
A56: Ilość formatek | B56: =KALKULATOR!I1/KALKULATOR!E6 -> 100 | E56: Koszt siatki | F56: 250 | O56: =MIN(G3:H3)/((MIN(G3:H3)-S69*S68)/T68+S69)/VLOOKUP(KALKULATOR!F11,O68:Q77,3,FALSE) -> 15.873016 | P56: 55 | Q56: 2.6041667e-05
O57: Ilość przejść | P57: =ROUNDDOWN(MIN(G3:H3)/O56,0) -> 37
A58: Druk | C58: Przezbrojenie | G58: przygotowanie matryc | H58: 0.010416667 | I58: =H58*H53 -> 0.03125 | O58: Całkowita droga mb | P58: =P57*MAX(G3:H3)/1000 -> 22.2
A59: czas rakla | B59: =B55/$C$55*$D$55 -> 0.00017361111 | C59: =IF(B54=0,0,1/24+IF(MOD(B54,2)=0,(B54-2),(B54-1))*10/60/24+FLOOR((B54-1)/6,1)*30/60/24) -> 0.069444444 | E59: Predkosci druku | G59: ZATOWAROWANIE | I59: 0.0069444444 | O59: Czas przejścia | P59: =P57*Q56 -> 0.00096354167
A60: NAJAZD I POWRÓT STOŁU | B60: 4.6296296e-05 | E60: 1 | F60: 10000 | G60: USTAWIENIE MASZYNY | H60: 0.013888889 | I60: =H60*H53 -> 0.041666667 | O60: Czas druku | P60: =P58/P56*1/24/60 -> 0.00028030303
A61: ODBIERANIE FORMATEK | B61: 5.787037e-05 | E61: 3 | F61: 6000 | G61: POBRANIE FARB | I61: 0.0034722222 | O61: czas konserwacji - mikroprzestojów -czyszczenie | P61: 0.05
A62: Czas 1 formatki | B62: =SUM(B59:B61) -> 0.00027777778 | E62: 5 | F62: 4000 | G62: ZDIĘCIE MATRYC | H62: 0.0013888889 | I62: =H62*H53 -> 0.0041666667 | K62: druk | L62: =(VLOOKUP(H51,G68:H70,2,FALSE)+H73*H53+H74*H72)*H52*1.1 -> 0.024189815 | M62: =($M$51*24*L62)+M53 -> 58.444444 | O62: czas dojścia do pierwszej formatki | P62: 0.00015046296 | R62: =SUM(P62:P64)/2 -> 0.00029513889
G63: MYCIE MATRYC PO DRUKU | H63: 0.0020833333 | I63: =H53*H63 -> 0.00625 | K63: Przezbrojenie | L63: =SUM(I58:I64) -> 0.097222222 | M63: =$M$51*24*L63 -> 186.66667 | O63: czas przejścia między pierwszą a drugą | P63: 0.00020833333 | R63: 0.0017824074
A64: Czas druku | G64: RAPORTY PO PRODUKCJI | I64: 0.0034722222 | O64: czas przejscia do początku | P64: 0.00023148148 | R64: =R63+R62 -> 0.0020775463
B65: ilość obrotów | G65: suma | I65: =SUM(I58:I64) -> 0.097222222
A66: 1 obrót | B66: =IF($B$54>=1,1,0) -> 1 | C66: =$B$62*$B$56*B66 -> 0.027777778
A67: 2 obrót | B67: =IF($B$54>=7,1,0) -> 0 | C67: =$B$62*$B$56*B67 -> 0 | E67: Czas druku | F67: =C71*1.1 -> 0.030555556 | G67: Druk
A68: 3 obrót | B68: =IF($B$54>=13,1,0) -> 0 | C68: =$B$62*$B$56*B68 -> 0 | E68: Czas przezbrojenia | F68: =C59 -> 0.069444444 | G68: CZÓŁKA DO TREI itp.. | H68: 3.4722222e-05 | O68: express | P68: 66.666667 | Q68: 0.6 | S68: 5 | T68: 50 | U68: Layer | V68: Layer2 | W68: Layer3
A69: 4 obrót | B69: =IF($B$54>=19,1,0) -> 0 | C69: =$B$62*$B$56*B69 -> 0 | G69: WIĘKSZE np. TREJE | H69: 4.6296296e-05 | O69: Production | P69: 47.619048 | Q69: 0.8 | R69: 19 | S69: 10 | T69: =R69-S69 -> 9 | U69: =(S69*S68+T69*T68)/R69 -> 26.315789 | V69: =U69/2 -> 13.157895 | W69: =U69/3 -> 8.7719298
A70: 5 obrót | B70: =IF($B$54>=25,1,0) -> 0 | C70: =$B$62*$B$56*B70 -> 0 | E70: Koszt druku | F70: =(F67*24*F54)+F55 -> 1054 | G70: Z DEFOLIOWANIEM | H70: 6.9444444e-05 | O70: Inne | P70: 34.482759 | Q70: 1 | R70: 23 | S70: 10 | T70: =R70-S70 -> 13 | U70: =(S70*S68+T70*T68)/R70 -> 30.434783 | V70: =U70/2 -> 15.217391 | W70: =U70/3 -> 10.144928
B71: czas total | C71: =SUM(C66:C70) -> 0.027777778 | E71: Koszt przezbr. | F71: =(F68*24*F54)+(F56*B54) -> 1600 | O71: Do podświetleń/wysoka jakość/bezbarwny | P71: 18.181818 | Q71: 1.8
E72: Koszt sumaryczny | F72: =F71+F70 -> 2654 | G72: średnia ilość uderzeń każdego koloru- uproszczone na potrzeby wyceny | H72: 2 | I72: =(VLOOKUP(H51,G68:H70,2,FALSE)+H73*H53+H74*H72)*H52 -> 0.021990741 | O72: Quality smooth | P72: 18.181818 | Q72: 1.8
H73: 4.6296296e-05
H74: 2.3148148e-05 | O74: Quality mat | P74: 23.809524 | Q74: 1.4
O75: Quality layer 1w | P75: 17.44186 | Q75: 1.75
O76: Quality layer 2w | P76: 10.56338 | Q76: 2.8
O77: Quality layer | P77: 30.434783 | Q77: 1
A78: Czas total | B78: =IF(D78="Atma",F37,F67) -> 0.2259838 | C78: Maszyna | D78: =VLOOKUP(A7,A9:B13,2,FALSE) -> Atma
A79: Czas przezbr. total | B79: =IF(D78="Atma",F38,F68) -> 0.17361111 | C79: Maszyna Aternatywna | D79: =IF(D78="Insignia","Atma","x") -> x | G79: LAMINATOR
G80: WIELKOŚĆ FORMATKI | H80: =KALKULATOR!C24 -> B2 | L80: koszt maszyny | M80: =VLOOKUP(G79,Stawki_maszyn!B:C,2,FALSE) -> 35
A81: Druk | B81: =IF(B78=F67,F70,F40) -> 1822.0139 | G81: ILOŚĆ UŻYTKÓW (Detali) | H81: =KALKULATOR!I1/KALKULATOR!D24 -> 100 | L81: ręczne docinanie | M81: 38
A82: Przezbrojenie | B82: =IF(B79=F68,F71,F41) -> 1958.3333 | G82: FORMATOWANIE PO LAMINOWANIU | H82: =KALKULATOR!E24 -> Z FORMATOWANIEM
A83: Koszt sumaryczny | B83: =B82+B81 -> 3780.3472 | G83: DŁUGOŚĆ DOCINANIA [mm] | H83: =KALKULATOR!F24 -> 130
G84: Materiał | H84: backlite | J84: =VLOOKUP(H84,G88:H92,2,FALSE) -> 670
G87: Prędkości | K87: Druk | L87: =(((VLOOKUP(H80,$L$94:$M$97,2,FALSE)+100)/J84*A1)+H94)*H81 -> 0.094492814 | M87: =L87*24*$M$80 -> 79.373964
G88: TWORZYWO | H88: 1580 | K88: Przezbrojenei | L88: 0.0069444444 | M88: =L88*24*$M$80 -> 5.8333333
G89: PAPIER, FOLIA | H89: 1580 | K89: Docinanie | L89: =IF(H82=G98,0,H83/100*J97*J98+(10/24/60/60))*H81 -> 0.015335648 | M89: =L89*24*$M$81 -> 13.986111
G90: FOLIA BEZBARWNA | H90: 1200 | K90: Przezbrojenie do docinania | L90: =IF(H82=G98,0,J99) -> 0.0034722222 | M90: =L90*24*$M$81 -> 3.1666667
G91: BACKLITE | H91: 670
G92: TEKTURA | H92: 2400
L93: B0+ | M93: 1800
G94: Odkładanie | H94: 0.00011574074 | L94: B0 | M94: 1400
L95: B1 | M95: 1000
I96: Docinanie | L96: B2 | M96: 700
G97: Z FORMATOWANIEM | J97: 2.3148148e-05 | L97: B3 | M97: 500
G98: BEZ FORMATOWANIA | I98: współczynnik (uśrednione liniia, koło/kształt | J98: 1.25 | L98: B4 | M98: 350
J99: 0.0034722222

Sheet INTRO
A1: 0.00069444444 | B1: 0.041666667 | C1: TAK | D1: NIE
A2: SZTANCOWANIE | H2: KASZEROWANIE | O2: GILOTYNA- CIĘCIE
A3: WIELKOŚĆ FORMATKI | B3: =KALKULATOR!C41 -> B0+ | F3: Koszt maszyny | G3: 100 | H3: WIELKOŚĆ FORMATKI | I3: =KALKULATOR!C47 -> B0 | L3: Kaszerka K | M3: Koszt maszyny | N3: =VLOOKUP(L3,Tabela13[[Maszyna]:[Stawka]],2,FALSE) -> 55 | O3: ilość użytków | P3: =KALKULATOR!C51 -> 10 | S3: Gilotyna G1 | T3: Stawka maszyny | U3: =VLOOKUP(S3,Tabela13[[Maszyna]:[Stawka]],2,FALSE) -> 55
A4: ILOŚĆ FORMATEK | B4: =KALKULATOR!I1/KALKULATOR!D41 -> 100 | F4: Wyklejanie | G4: 38 | H4: ILOŚĆ FORMATEK | I4: =KALKULATOR!I1/KALKULATOR!D47 -> 100 | O4: Ilość formatek | P4: =KALKULATOR!I1/KALKULATOR!D51 -> 50
A5: ILOŚĆ UŻYTKÓW NA FORMATCE | B5: =KALKULATOR!D41 -> 1 | H5: Materiał | I5: =VLOOKUP(KALKULATOR!B1,Materiały_zakupowe!A:AC,14,FALSE) -> Tworzywo | O5: RODZAJ MATERIAŁU | P5: =KALKULATOR!E51 -> Kaszerowany | T5: Druk Offset | U5: 9 | AB5: ILOŚĆ PŁYT PO CIĘCIU | AC5: ILOŚĆ CIĘĆ
A6: ILOŚĆ Z WYKROJNIKA | B6: =KALKULATOR!E41 -> 1 | O6: Grubość | P6: =VLOOKUP(KALKULATOR!B1,Materiały_zakupowe!A:U,21,FALSE) -> 3 | T6: Druk Sito | U6: 10 | Y6: 0 | Z6: 1 | AB6: 2 | AC6: 1
A7: Wyrywanie | B7: =KALKULATOR!C43 -> TAK | O7: Materiał do kalkulatora | P7: =VLOOKUP(KALKULATOR!B1,Materiały_zakupowe!A:X,VLOOKUP(INTRO!P5,T5:U8,2,FALSE),FALSE) -> KASZEROWANY | T7: Kaszerowany | U7: 11 | Y7: 51 | Z7: 0.8 | AB7: 4 | AC7: 2
A8: RODZAJ FORMATKI | B8: =KALKULATOR!D43 -> Błona | H8: =IF(I3=H17,1,IF(I3=H18,2,IF(I3=H19,3,IF(I3=H20,4,IF(I3=H21,5,0))))) -> 2 | I8: =IF(I5=I16,1,IF(I5=J16,2,IF(I5=K16,3,IF(I5=L16,4,IF(I5=M16,5,IF(I5=N16,6,0)))))) -> 6 | O8: Ilość w pakiecie | P8: =VLOOKUP(P6,O21:AE30,MATCH(P7,O21:AE21,0),FALSE) -> X | T8: Pozostałe | U8: 12 | Y8: 101 | Z8: 0.6 | AB8: 8 | AC8: 3
A9: ILOŚĆ UŻYTKÓW DO WYRWANIA | B9: =KALKULATOR!E43 -> 30 | L9: Operacja | M9: =H10*I4 -> 0.019675926 | N9: =M9*24*$N$3 -> 25.972222 | O9: Ilość pakietów | P9: =ROUNDUP(P4/P8,0) -> #VALUE! | R9: 0.0034722222 | Y9: 151 | Z9: 0.5 | AB9: 16 | AC9: 4
A10: Grubość | B10: =IF(VLOOKUP(KALKULATOR!F1,Tabela1[[Nazwa]:[GRUBOŚĆ]],20,FALSE)>1,G37,F37) -> Powyżej 1mm | H10: =INDEX(I17:N21,H8,I8) -> 0.00019675926 | L10: Przezbrojenei | M10: 0.020833333 | N10: =M10*24*$N$3 -> 27.5 | O10: ilośc płyt zakładana na raz | P10: 5 | Y10: 201 | Z10: 0.4 | AB10: 32 | AC10: 5
A11: Materiał | B11: =VLOOKUP(KALKULATOR!F1,Tabela1[[Nazwa]:[SZTANCOWANIE wyr tworz]],17,FALSE) -> Tworzywo | Y11: 301 | Z11: 0.3 | AB11: 64 | AC11: 6
AB12: 128 | AC12: 7
A13: B0+ | B13: 0.00020833333 | C13: Powyżej B0 | O13: czas założenia 1 pakietu płyt | P13: 0.00017361111 | Q13: =P13*ROUNDUP(P4/P10,0) -> 0.0017361111 | T13: =MATCH(P7,P21:AE21,0) -> 5 | V13: nr wiersza do wspo | W13: nr kolumny do wsp | AB13: 256 | AC13: 8
A14: B0 | B14: 0.00017361111 | C14: do B0 | D14: Tygiel | E14: Operacja | F14: =VLOOKUP(B3,A13:B18,2,FALSE)*B4*ROUNDUP(B5/B6,0) -> 0.020833333 | G14: =F14*24*$G$3 -> 50 | O14: czas 1 cięcia | Q14: =HLOOKUP(P7,O21:AE31,11,FALSE)*INDEX(AB19:AC20,V14,W14)*T15*IF(P8>P4,1,VLOOKUP(P3,Y6:Z11,2,TRUE))*P9 -> #VALUE! | T14: =POWER(2,VLOOKUP(P8,AB6:AC15,2,TRUE)) -> #N/A | V14: =IF(P3<=4,1,IF(P3>4,2)) -> 2 | W14: =IF(T13<=6,2,1) -> 2 | AB14: 512 | AC14: 9
A15: B1 | B15: 0.00016203704 | C15: do B1 | E15: Przezbrojenei | F15: =A20+(A21*(B5/B6-1)) -> 0.020833333 | G15: =F15*24*$G$3 -> 50 | O15: czas zdejmowania użytków | P15: 0.00017361111 | Q15: =P15*P9*T15*VLOOKUP(P3,Y6:Z11,2,TRUE) -> #VALUE! | T15: =ROUNDUP(IF(AND(P4<P8,T13>6),P3/T14,P3),0) -> 10 | AB15: 1024 | AC15: 10
A16: B2 | B16: 0.00013888889 | C16: do B1 | D16: Wyrywanie | E16: Operacja | F16: =IF(B11="Tworzywo",G34,F34) -> 0.15277778 | G16: =F16*24*$G$4 -> 139.33333 | H16: FORMAT | I16: T. LITA | J16: T. LITA #1,5 | K16: T. FALA [E] | L16: T. FALA [B] | M16: T. FALA [EB] | N16: TWORZYWO | Q16: =SUM(Q13:Q15) -> #VALUE!
A17: B3 | B17: 0.00010416667 | C17: do B1 | E17: Przezbrojenei | F17: =IF(B7="nie",0,A24) -> 0.0069444444 | G17: =F17*24*$G$4 -> 6.3333333 | H17: B0+ | I17: X | J17: X | K17: 0.00011574074 | L17: 0.00011574074 | M17: 0.00012731481 | N17: 0.00025462963 | V17: Operacja | W17: =IF(Q16<R9,R9,Q16) -> #VALUE! | X17: =W17*24*$U$3 -> #VALUE!
A18: B4 | B18: 9.2592593e-05 | C18: do B1 | H18: B0 | I18: 0.00011574074 | J18: 0.00011574074 | K18: 0.00011574074 | L18: 0.00011574074 | M18: 0.00012731481 | N18: 0.00019675926 | V18: Przezbrojenei | W18: 0.010416667 | X18: =W18*24*$U$3 -> 13.75 | AB18: NA TERMO, SZTANCOWANIE | AC18: KROJENIE-DRUK
H19: B1 | I19: 6.9444444e-05 | J19: 6.9444444e-05 | K19: 8.1018519e-05 | L19: 8.1018519e-05 | M19: 9.2592593e-05 | N19: 0.00017361111 | AA19: DO 4 UŻ/FORM. | AB19: 1 | AC19: 4
A20: 0.020833333 | H20: B2 | I20: 5.787037e-05 | J20: 5.787037e-05 | K20: 5.787037e-05 | L20: 5.787037e-05 | M20: 6.9444444e-05 | N20: 0.00016203704 | AA20: POWYŻEJ 4 UŻ/FORM. | AB20: 1 | AC20: 2.2
A21: 0.0069444444 | H21: B3 | I21: 8.1018519e-05 | J21: 8.1018519e-05 | K21: 8.1018519e-05 | L21: 8.1018519e-05 | M21: 8.1018519e-05 | N21: 0.00012731481 | O21: GRUBOŚĆ MATERIAŁU (MM) | P21: PCV Z DRUKIEM | Q21: HIPS Z DRUKIEM LUB LUSTRO | R21: DRUK OFF SET [≠0,2] | S21: DRUK SITO (folia, papier) [≠0,2] | T21: KASZEROWANY | U21: KODY, ETYKIETY, INSTRUKCJE itp. [#0,2] | V21: PCV | W21: HIPS | X21: VIVAK | Y21: TUPET /PET / AXPET | Z21: FOREX | AA21: TEKTURA LITA [≠2] | AB21: WYTŁOCZKI I POJEDYNCZE | AC21: TEKTURA FAL. [3W, 5W] | AD21: BACKLITE | AE21: DRUK OFF SET [≠0,5] GRUBA ALASKA
O22: 0.2 | P22: 30 | Q22: X | R22: 100 | S22: 50 | T22: X | U22: 100 | V22: 75 | W22: X | X22: X | Y22: X | Z22: X | AA22: X | AB22: 1 | AC22: X | AD22: 40 | AE22: x | AG22: =RIGHT(O22,LEN(O22)-1)*1 -> 0.2
A23: Wyrywanie | O23: 0.5 | P23: 20 | Q23: 20 | R23: X | S23: X | T23: 20 | U23: X | V23: 30 | W23: 50 | X23: 50 | Y23: 50 | Z23: X | AA23: X | AB23: 1 | AC23: X | AD23: x | AE23: 50 | AG23: =RIGHT(O23,LEN(O23)-1)*1 -> 0.5
A24: 0.0069444444 | E24: =VLOOKUP(B3,A13:C18,3,FALSE) -> Powyżej B0 | F24: do B1 | G24: 1 | O24: 0.8 | P24: 5 | Q24: 5 | R24: X | S24: X | T24: 5 | U24: X | V24: 30 | W24: 50 | X24: 50 | Y24: 30 | Z24: X | AA24: X | AB24: 1 | AC24: X | AD24: x | AE24: x | AG24: =RIGHT(O24,LEN(O24)-1)*1 -> 0.8
D25: Czas bezpieczeństwa na sprzątanie itp.- wyrywanie | E25: 0.1 | F25: do B0 | G25: 1.05 | O25: 1 | P25: 5 | Q25: 5 | R25: X | S25: X | T25: 5 | U25: X | V25: 20 | W25: 40 | X25: 30 | Y25: 15 | Z25: X | AA25: X | AB25: 1 | AC25: X | AD25: x | AE25: x | AG25: =RIGHT(O25,LEN(O25)-1)*1 -> #VALUE!
B26: do B1 | C26: do B0 | D26: powyżej B0 | F26: powyżej B0 | G26: 1.1 | O26: 1.5 | P26: 5 | Q26: 5 | R26: X | S26: X | T26: 5 | U26: X | V26: 15 | W26: 20 | X26: 30 | Y26: 15 | Z26: X | AA26: X | AB26: 1 | AC26: X | AD26: x | AE26: x | AG26: =RIGHT(O26,LEN(O26)-1)*1 -> 0.5
A27: Jednostronna grafika | B27: 6.9444444e-05 | C27: 8.1018519e-05 | D27: 9.2592593e-05 | O27: 2 | P27: X | Q27: 5 | R27: X | S27: X | T27: 5 | U27: X | V27: X | W27: 10 | X27: 20 | Y27: X | Z27: 35 | AA27: 40 | AB27: 1 | AC27: X | AD27: x | AE27: x | AG27: =RIGHT(O27,LEN(O27)-1)*1 -> #VALUE!
A28: Dwustronna grafika | B28: 9.2592593e-05 | C28: 0.00010416667 | D28: 0.00010416667 | O28: 3 | P28: X | Q28: X | R28: X | S28: X | T28: X | U28: X | V28: X | W28: X | X28: X | Y28: X | Z28: 25 | AA28: X | AB28: 1 | AC28: 25 | AD28: x | AE28: x | AG28: =RIGHT(O28,LEN(O28)-1)*1 -> #VALUE!
A29: Bez grafiki | B29: 3.4722222e-05 | C29: 4.6296296e-05 | D29: 5.787037e-05 | O29: 4 | P29: X | Q29: X | R29: X | S29: X | T29: X | U29: X | V29: X | W29: X | X29: X | Y29: X | Z29: 20 | AA29: X | AB29: 1 | AC29: X | AD29: x | AE29: x | AG29: =RIGHT(O29,LEN(O29)-1)*1 -> #VALUE!
A30: Błona | O30: 5 | P30: X | Q30: X | R30: X | S30: X | T30: X | U30: X | V30: X | W30: X | X30: X | Y30: X | Z30: 15 | AA30: X | AB30: 1 | AC30: 15 | AD30: x | AE30: x | AG30: =RIGHT(O30,LEN(O30)-1)*1 -> #VALUE!
A31: Błona + grafika | O31: czas i cięcia | P31: 0.00023148148 | Q31: 0.00023148148 | R31: 0.00017361111 | S31: 0.00017361111 | T31: 0.00023148148 | U31: 5.787037e-05 | V31: 0.00023148148 | W31: 0.00023148148 | X31: 0.00023148148 | Y31: 0.00023148148 | Z31: 0.00023148148 | AA31: 0.00023148148 | AB31: 0.00023148148 | AC31: 0.00023148148 | AD31: 0.00017361111 | AE31: 0.00017361111
A33: 0 | B33: 1 | F33: Czas dla kartonu | G33: Czas dla tworzywa
A34: 4 | B34: 0.8 | F34: =IF(B7="nie",0,VLOOKUP(B8,A26:D29,MATCH(E24,A26:D26,0),FALSE)*VLOOKUP(B9,A33:B37,2,TRUE)*(1+E25)*B4) -> #N/A | G34: =VLOOKUP($B$8,$E$37:$G$41,MATCH($B$10,$E$37:$G$37,0),FALSE)*B9*(ROUNDUP(B4/VLOOKUP(B8,A39:C43,MATCH(B10,A39:C39,0),FALSE),0)*VLOOKUP(E24,F24:G26,2,FALSE)) -> 0.15277778
A35: 7 | B35: 0.6
A36: 15 | B36: 0.3
A37: 30 | B37: 0.15 | F37: Do 1mm | G37: Powyżej 1mm
E38: Błona | F38: 3.4722222e-05 | G38: 4.6296296e-05
B39: Do 1mm | C39: Powyżej 1mm | E39: Jednostronna grafika | F39: 3.4722222e-05 | G39: 4.6296296e-05
A40: Błona | B40: 1 | C40: 1 | E40: Bez grafiki | F40: 0.00020833333 | G40: 0.00017361111
A41: Jednostronna grafika | B41: 1 | C41: 1 | E41: Błona + grafika | F41: 4.6296296e-05 | G41: 5.787037e-05
A42: Bez grafiki | B42: 9 | C42: 5
A43: Błona + grafika | B43: 1 | C43: 1

Sheet DREWNO
A1: Wiercenie | G1: Formatowanie- Holzma | M1: Ilość w stosie- Formatyzerka
A2: ILOŚĆ UŻYTKÓW (Detali) | B2: =KALKULATOR!C56 -> 1 | D2: Centrum BHX | E2: stawka maszyny | F2: =VLOOKUP(D2,Tabela13[[Maszyna]:[Stawka]],2,FALSE) -> 95 | G2: Materiał | H2: =VLOOKUP(KALKULATOR!B1,Materiały_zakupowe!A:AC,8,FALSE) -> Tupet, vivak, pcv | J2: Piła panelowa Holzma | K2: Koszt maszyny | L2: =VLOOKUP(J2,Tabela13[[Maszyna]:[Stawka]],2,FALSE) -> 100 | M2: Grubość | N2: PCV spienione | O2: Tupet, vivak, pcv | P2: DIBOND | Q2: Hips | R2: Plexa | S2: Płyta wiórowa, MDF sur. | T2: Płyta wiórowa, MDF lam. | U2: HDF sur. | V2: HDF lam. | W2: Sklejka | X2: Nadruk
A3: ILOŚĆ OTWORÓW | B3: =KALKULATOR!D56 -> 2 | G3: Grubość | H3: =VLOOKUP(KALKULATOR!B1,Materiały_zakupowe!A:AC,21,FALSE) -> 3 | M3: 1 | N3: x | O3: 6 | P3: 2 | Q3: 8 | R3: x | S3: x | T3: x | U3: x | V3: x | W3: 8 | X3: 1
A4: Ilość formatek | B4: =KALKULATOR!I1/KALKULATOR!C56 -> 100 | G4: Ilość formatek | H4: =KALKULATOR!I1/KALKULATOR!C65 -> 100 | M4: 1.5 | N4: x | O4: 6 | P4: 2 | Q4: 8 | R4: x | S4: x | T4: x | U4: x | V4: x | W4: 6 | X4: 1
D5: Operacja | E5: =SUM(A9:B9) -> 0.046296296 | F5: =E5*24*$F$2 -> 105.55556 | G5: NA ILE POCIĄĆ? | H5: =KALKULATOR!D65 -> 2 | M5: 2 | N5: 8 | O5: 6 | P5: 2 | Q5: 8 | R5: 8 | S5: x | T5: x | U5: x | V5: x | W5: 6 | X5: 1
D6: Przezbrojenei | E6: 0.013888889 | F6: =E6*24*$F$2 -> 31.666667 | G6: ilość w pakiecie | H6: =VLOOKUP(H3,M2:X19,MATCH(H2,M2:X2,0),FALSE) -> 4 | J6: Operacja | K6: =SUM(H10:H13) -> 0.083912037 | L6: =K6*24*$L$2 -> 201.38889 | M6: 3 | N6: 6 | O6: 4 | P6: 2 | Q6: 6 | R6: 4 | S6: x | T6: x | U6: 8 | V6: 4 | W6: 6 | X6: 1
A7: czas na 1 otwór | B7: zał+ zdjecie formatki | G7: Ilość pakietów | H7: =ROUNDUP(H4/H6,0) -> 25 | J7: Przezbrojenei | K7: 0.0069444444 | L7: =K7*24*$L$2 -> 16.666667 | M7: 4 | N7: 4 | O7: 2 | P7: 1 | Q7: 4 | R7: 4 | S7: x | T7: x | U7: x | V7: x | W7: 4 | X7: 1
A8: 5.787037e-05 | B8: 0.00034722222 | M8: 5 | N8: 3 | O8: x | P8: x | Q8: x | R8: 2 | S8: x | T8: x | U8: x | V8: x | W8: 4 | X8: 1
A9: =A8*B3*B4 -> 0.011574074 | B9: =B8*B4 -> 0.034722222 | M9: 6 | N9: 3 | O9: x | P9: x | Q9: x | R9: 2 | S9: 5 | T9: 4 | U9: 5 | V9: 2 | W9: 4 | X9: 1
G10: Czas cięcia elementu | H10: =VLOOKUP(HLOOKUP(H2,N2:X21,20,FALSE),J10:L12,2,FALSE)*VLOOKUP(H5,G15:I18,3,TRUE)*H7*H5 -> 0.028935185 | J10: B | K10: 0.0005787037 | L10: 0.00011574074 | M10: 8 | N10: 2 | O10: x | P10: x | Q10: x | R10: 2 | S10: 4 | T10: 3 | U10: x | V10: x | W10: 3 | X10: 1
G11: Czas podania płyty | H11: =I11*H4 -> 0.034722222 | I11: 0.00034722222 | J11: A | K11: 0.0005787037 | L11: 0.00023148148 | M11: 10 | N11: 2 | O11: x | P11: x | Q11: x | R11: 1 | S11: 3 | T11: 2 | U11: x | V11: x | W11: 2 | X11: 1
G12: Czas zdjęcia elementu | H12: =VLOOKUP(HLOOKUP(H2,N2:X21,20,FALSE),J10:L12,3,FALSE)*H5*H7 -> 0.011574074 | J12: NADRUK | K12: 0.00069444444 | L12: 0.00023148148 | M12: 12 | N12: 2 | O12: x | P12: x | Q12: x | R12: 1 | S12: 3 | T12: 2 | U12: x | V12: x | W12: 2 | X12: 1
H13: =I11*H7 -> 0.0086805556 | M13: 16 | N13: 2 | O13: x | P13: x | Q13: x | R13: 1 | S13: 2 | T13: 2 | U13: x | V13: x | W13: 2 | X13: 1
M14: 18 | N14: 1 | O14: x | P14: x | Q14: x | R14: 1 | S14: 2 | T14: 2 | U14: x | V14: x | W14: 2 | X14: 1
A15: Wiercenie-wielowrzecionówka | G15: 0 | H15: 10 | I15: 1 | M15: 19 | N15: 1 | O15: x | P15: x | Q15: x | R15: 1 | S15: 2 | T15: 2 | U15: x | V15: x | W15: 2 | X15: 1
A16: ILOŚĆ FORMATEK | B16: =KALKULATOR!I1/KALKULATOR!C60 -> 100 | D16: Wiertarka Wielowrzecionowa | E16: Koszt maszyny | F16: =VLOOKUP(D16,Tabela13[[Maszyna]:[Stawka]],2,FALSE) -> 70 | G16: 11 | H16: 20 | I16: 0.85 | M16: 22 | N16: 1 | O16: x | P16: x | Q16: x | R16: 1 | S16: 2 | T16: 2 | U16: x | V16: x | W16: 1 | X16: 1
A17: ILOŚĆ OTWORÓW | B17: =KALKULATOR!D60 -> 1 | G17: 21 | H17: 40 | I17: 0.7 | M17: 25 | N17: 1 | O17: x | P17: x | Q17: x | R17: 1 | S17: 1 | T17: 1 | U17: x | V17: x | W17: 1 | X17: 1
A18: ILOŚĆ PRZELOTÓW | B18: =KALKULATOR!E60 -> 1 | E18: 0.0069444444 | G18: 41 | I18: 0.5 | M18: 30 | N18: 1 | O18: x | P18: x | Q18: x | R18: 1 | S18: 1 | T18: 1 | U18: x | V18: x | W18: 1 | X18: 1
M19: 35 | N19: 1 | O19: x | P19: x | Q19: x | R19: 1 | S19: 1 | T19: 1 | U19: x | V19: x | W19: 1 | X19: 1
A20: Produkcja | N20: NIE LAMINOWANE | O20: NIE LAMINOWANE | P20: NIE LAMINOWANE | Q20: NIE LAMINOWANE | R20: NIE LAMINOWANE | S20: NIE LAMINOWANE | T20: LAMINOWANE | U20: NIE LAMINOWANE | V20: LAMINOWANE | W20: NIE LAMINOWANE | X20: NADRUK
A21: założenie+odłożenie | B21: 0.00017361111 | C21: =B18*B21 -> 0.00017361111 | N21: A | O21: A | P21: A | Q21: A | R21: A | S21: B | T21: B | U21: B | V21: B | W21: B | X21: NADRUK
A22: wiercenie | B22: 4.6296296e-05 | C22: =B18*B22 -> 4.6296296e-05
A23: odmuchanie | B23: 0.00011574074 | C23: =B17*B23 -> 0.00011574074
N24: 1*10*4
D25: Operacja | E25: =SUM(C21:C24)*B16 -> 0.033564815 | F25: =E25*24*$F$16 -> 56.388889
D26: Przezbrojenei | E26: =IF(SUM(C28:C29)<E18,E18,SUM(C28:C29)) -> 0.0069444444 | F26: =E26*24*$F$16 -> 11.666667 | G26: Oklejanie prostoliniowe
G27: Ilość formatek | H27: =KALKULATOR!I1/KALKULATOR!C70 -> 100 | J27: Okleiniarka Brandt | K27: stawka maszyny | L27: =VLOOKUP(DREWNO!J27,Tabela13[[Maszyna]:[Stawka]],2,FALSE) -> 100
A28: na otwór | B28: 0.00069444444 | C28: =B28*B17 -> 0.00069444444 | G28: Długość oklejania [mm] | H28: =KALKULATOR!D70 -> 8000
A29: na przelot | B29: 0.0013888889 | C29: =B29*B18 -> 0.0013888889 | J29: Operacja | K29: =(H28+H31)/H30*H32*H27 -> 0.11111111 | L29: =K29*24*$L$27 -> 266.66667
G30: predkosc | H30: 10000 | J30: Przezbrojenei | K30: 0.013888889 | L30: =K30*24*$L$27 -> 33.333333
G31: suchy przelot | H31: 8000
H32: 0.00069444444
A36: FREZOWANIE CENTRUM | G36: Oklejanie krzywoliniowe
A37: ILOŚĆ UŻYTKÓW (Detali) | B37: =KALKULATOR!D81 -> 1 | D37: Centrum obróbcze Homag | E37: stawka maszyn | F37: =VLOOKUP(D37,Tabela13[[Maszyna]:[Stawka]],2,FALSE) -> 85 | G37: ilość formatek | H37: =KALKULATOR!I1/KALKULATOR!C76 -> 100 | J37: Centrum obróbcze Homag | K37: Stawka maszyny | L37: =VLOOKUP(DREWNO!J37,Tabela13[[Maszyna]:[Stawka]],2,FALSE) -> 85
A38: ilość formatek | B38: =KALKULATOR!I1/KALKULATOR!D81 -> 100 | G38: DŁUGOŚĆ OKLEJANIA [MM] | H38: =KALKULATOR!D76 -> 2300
A39: Łączna długość ścieżek [mm] | B39: =KALKULATOR!E81 -> 1500 | G39: ILOŚĆ KRAWĘDZI | H39: =KALKULATOR!E76 -> 1
A40: Materiał | B40: =VLOOKUP(KALKULATOR!B1,Materiały_zakupowe!A:AC,23,FALSE) -> 0 | C40: do dodania w pozniejszym czasie (po aktualizacji kalkulatora redmine)
A41: Wielkość formatki | B41: =KALKULATOR!C81 -> do B2
A42: Prędkość frezowania | B42: =VLOOKUP(B41,A45:B46,2,FALSE) -> 5000
C44: MDF | D44: Wiórowa | H44: 1.1574074e-05 | I44: 0.00069444444 | J44: jaroma
A45: do B2 | B45: 5000 | C45: 3000 | D45: 2000 | G45: Oklejanie-homag | J45: 60 | K45: 1000
A46: powyżej B2 | B46: 10000 | C46: 6000 | D46: 4000 | G46: Oklejanie | H46: 8000 | I46: =$H$38/H46*$I$44 -> 0.00019965278 | K46: =H38*J45/K45*H44 -> 0.0015972222
G47: Odmuchanie | H47: 10000 | I47: =$H$38/H47*$I$44 -> 0.00015972222
A48: 0.00069444444 | G48: Frezowanie | H48: 10000 | I48: =$H$38/H48*$I$44 -> 0.00015972222 | J48: Podstawowe
A49: czas frezowania | B49: =B39/B42*A48 -> 0.00020833333 | G49: Obcinanie nadwyżki szerokości | H49: 10000 | I49: =$H$38/H49*$I$44 -> 0.00015972222 | J49: Operacja | K49: =I53*H37 -> 0.20978009 | L49: =K49*$L$37*24 -> 427.95139
A50: sredni czas na zmiane sciezki | B50: =C50*B37 -> 0.00010416667 | C50: 0.00010416667 | G50: Cyklinowanie | H50: 5000 | I50: =$H$38/H50*$I$44 -> 0.00031944444 | J50: Przezbrojenei | K50: 0.0083333333 | L50: =K50*$L$37*24 -> 17
A51: zalozenie formatki | B51: 0.00034722222 | G51: Wymiana agregatu | H51: 0.00092592593 | I51: =H51*H39 -> 0.00092592593
B52: =SUM(B49:B51) -> 0.00065972222 | C52: Operacja | D52: =B52*B38 -> 0.065972222 | E52: =D52*$F$37*24 -> 134.58333 | G52: założenie | I52: 0.00017361111 | J52: Alternatywa
C53: Przezbrojenei | D53: 0.0069444444 | E53: =D53*$F$37*24 -> 14.166667 | G53: Suma | I53: =SUM(I46:I52) -> 0.0020978009 | K53: jaroma | L53: homag'
J54: Operacja | K54: =K46*H37 -> 0.15972222 | L54: =SUM(I49:I52)*H37 -> 0.15787037
J55: Przezbrojenei | K55: 0.020833333 | L55: 0.0034722222

Sheet TERMO
A1: Termoformierka | P1: Piła pozioma | Z1: Prasa Hydrauliczna
A2: Materiał | B2: =VLOOKUP(KALKULATOR!B1,Materiały_zakupowe!A:AC,19,FALSE) -> VIVAK | C2: =VLOOKUP(KALKULATOR!B1,Materiały_zakupowe!A:AC,25,FALSE) -> 0 | P2: materiał | Q2: =VLOOKUP(KALKULATOR!B1,Materiały_zakupowe!A:AD,20,FALSE) -> PET/VIVAK | W2: Piła pozioma Geiss | X2: stawka | Y2: =VLOOKUP(W2,Tabela13[[Maszyna]:[Stawka]],2,FALSE) -> 35 | Z2: ilość użytków | AA2: =KALKULATOR!D98 -> 1 | AF2: Prasa HYDRAULICZNA | AG2: stawka | AH2: =VLOOKUP(AF2,Tabela13[[Maszyna]:[Stawka]],2,FALSE) -> 55
A3: Grubość | B3: =VLOOKUP(KALKULATOR!B1,Materiały_zakupowe!A:AC,21,FALSE) -> 3 | P3: grubość | Q3: =VLOOKUP(KALKULATOR!B1,Materiały_zakupowe!A:AD,21,FALSE) -> 3 | Z3: nakład | AA3: =KALKULATOR!I1/KALKULATOR!D98 -> 100
A4: Kolor/maszyna | B4: metaliczne perłowe | C4: =IF(B4="metaliczne perłowe",1.2,1) -> 1.2 | P4: DŁ FORMATKI | Q4: =VLOOKUP(KALKULATOR!C98,A42:C46,3,FALSE) -> 1000 | AA4: =KALKULATOR!D101 -> TACKI
P5: ilość z formy | Q5: =KALKULATOR!D98 -> 1 | AA5: czas jednostkowy
A6: ilość z formy | B6: =KALKULATOR!D98 -> 1 | P6: RODZAJ ODKŁADANIA | Q6: =KALKULATOR!D104 -> UKŁADANIE I SORTOWANIE | S6: =VLOOKUP(Q6,P16:Q17,2,FALSE) -> 3 | Z6: POBRANIE WYTŁOCZKI | AA6: 0.00011574074 | AB6: =AA6*AA3 -> 0.011574074
A7: Nakład- ilosc przetłoczeń | B7: =KALKULATOR!I1/TERMO!B6 -> 100 | J7: operacja | K7: =VLOOKUP(L7,A34:O40,10,FALSE) -> 0.309375 | L7: =MIN(A34:A40) -> 572.25 | P7: WILKOŚĆ WYTŁOCZKI | Q7: =KALKULATOR!E104 -> do 0,5m | S7: =VLOOKUP(Q7,T15:U17,2,FALSE) -> 5.787037e-05 | Z7: NAŁOŻENIE PŁYTY | AA7: 4.6296296e-05 | AB7: =AA7*AD8*AA3 -> 0.0046296296
A8: Stempel | B8: =KALKULATOR!E98 -> NIE | J8: przezbrojenie | K8: =VLOOKUP(L7,A34:O40,11,FALSE) -> 0.03125 | L8: =VLOOKUP(L7,A34:P40,15,FALSE) -> 52.5 | P8: ilosc formatek | Q8: =KALKULATOR!I1/KALKULATOR!D98 -> 100 | U8: Operacja | V8: =((Q4/1000)/Q9/1440)*Q8+U19*Q8+S7*Q8*S6*Q5 -> 0.034060847 | W8: =V8*24*$Y$2 -> 28.611111 | Z8: UDEŻENIE PRASY | AA8: 3.4722222e-05 | AB8: =AA8*AD8*AA3 -> 0.0034722222 | AC8: ilość uderzeń | AD8: =ROUNDUP(AA2/3,0) -> 1 | AF8: Operacja | AG8: =VLOOKUP(AA4,AA14:AB15,2,FALSE) -> 0.076736111 | AH8: =AG8*24*$AH$2 -> 101.29167
A9: Gabaryt | B9: =IF(C2="rolka","z roli",KALKULATOR!C98) -> 750x1000 | P9: prędkość | Q9: =VLOOKUP(Q2,P21:X28,MATCH(Q3,P21:X21),FALSE)*Q20 -> 5.25 | U9: Przezbrojenie | V9: 0.0069444444 | W9: =V9*24*$Y$2 -> 5.8333333 | Z9: ZDJĘCIE SPADU | AA9: 9.2592593e-05 | AB9: =AA9*AA3 -> 0.0092592593 | AF9: Przezbrojenie | AG9: 0.020833333 | AH9: =AG9*24*$AH$2 -> 27.5
A10: St. trudności | B10: 1.15 | Z10: ZDJĘCIE PŁYTY | AA10: 4.6296296e-05 | AB10: =AA10*AA3 -> 0.0046296296
Z11: WYJĘCIE 1 WYTŁOCZKI | AA11: 5.787037e-05 | AB11: =AA11*AA2*AA3 -> 0.005787037
AA14: TACKI | AB14: =1.5*1.3*SUM(AB6:AB11) -> 0.076736111
T15: do 0,5m | U15: 5.787037e-05 | AA15: POZOSTAŁE | AB15: =1.5*SUM(AB6:AB11) -> 0.059027778
P16: UKŁADANIE I SORTOWANIE | Q16: 3 | T16: od 0,5m do 1m | U16: 0.00011574074 | AA16: Przezbrojenie | AB16: 0.020833333
P17: OWIJANIE INDYWIDUALNE | Q17: 5 | T17: powyżej 1m | U17: 0.00017361111
T19: pobranie wytłoczki | U19: 3.4722222e-05
Q20: 3.5
A21: GRUBOŚĆ MATERIAŁU (MM) | B21: PLEXI | C21: PCV | D21: TUPET /PET / AXPET | E21: HIPS / ABS | F21: VIVAK | H21: =MIN(H34:H40) -> 1 | Q21: 0.5 | S21: 1 | T21: 1.5 | U21: 2 | V21: 3 | W21: 4 | X21: 5
A22: 0.3 | B22: X | C22: X | D22: X | E22: X | F22: 0.00040509259 | P22: ABS | Q22: X | S22: X | T22: X | U22: 1 | V22: 1 | W22: 1.5 | X22: 2
A23: 0.5 | B23: X | C23: 0.0011574074 | D23: 0.00075231481 | E23: 0.00069444444 | F23: 0.00069444444 | P23: HIPS | Q23: 0.33 | S23: 1 | T23: 1 | U23: 1 | V23: 1 | W23: 1.5 | X23: 1.5
A24: 0.8 | B24: X | C24: 0.0015046296 | D24: 0.0008912037 | E24: 0.00083333333 | F24: 0.00081018519 | P24: AXPET | Q24: 0.33 | S24: 0.5 | T24: 1.5 | U24: X | V24: X | W24: X | X24: X
A25: 1 | B25: X | C25: 0.0018518519 | D25: 0.001099537 | E25: 0.0010416667 | F25: 0.0010416667 | P25: PET/VIVAK | Q25: 0.33 | S25: 0.5 | T25: 1.5 | U25: 1.5 | V25: 1.5 | W25: X | X25: X
A26: 1.5 | B26: 0.0019097222 | C26: 0.0024305556 | D26: 0.0015625 | E26: 0.0012731481 | F26: 0.0015625 | P26: PCV | Q26: 0.33 | S26: 0.33 | T26: 1.5 | U26: 1.5 | V26: 1.5 | W26: X | X26: X
A27: 2 | B27: 0.0020833333 | C27: 0.0027777778 | D27: 0.0022569444 | E27: 0.0017361111 | F27: 0.0019097222 | P27: PMMA | Q27: X | S27: X | T27: X | U27: 0.33 | V27: 0.33 | W27: 1.5 | X27: 1.5
A28: 3 | B28: 0.0039930556 | C28: 0.0031828704 | D28: X | E28: 0.0022569444 | F28: 0.0021412037 | P28: PMMA HI | Q28: X | S28: X | T28: X | U28: 0.66 | V28: 1 | W28: 1.5 | X28: 1.5
A29: 4 | B29: 0.0047222222 | C29: 0.0036458333 | D29: X | E29: 0.0030671296 | F29: 0.0026041667
A30: 5 | B30: 0.0053819444 | C30: 0.0046875 | D30: X | E30: 0.0039930556 | F30: 0.0032986111
J31: czas 1 sztuki | K31: =VLOOKUP(B3,A21:F30,MATCH(B2,A21:F21,0),FALSE)*B10*C4 -> 0.0029548611
A33: koszt operacji | C33: MAX wymiar | D33: wymiana materiału | E33: Wydajność | F33: Stempel | J33: Operacja | K33: Przezbrojenie | L33: Suma | M33: stawka maszyny
A34: =IFERROR(IF(VLOOKUP(I34,$R$34:$R$40,1,FALSE)=I34,L34*24*M34,"ograniczenie maszyny"),"ograniczenie maszyny") -> ograniczenie maszyny | B34: Z ROLI SB 53, TF 105 | C34: z roli | D34: 5.787037e-05 | E34: 1 | F34: TAK | H34: =IF($B$9="z roli",IF($B$9=C34,1,""),IF(G34>=$G$44,IF($B$8="NIE",1+MAX($H$33:H33),IF(F34="NIE","",1+MAX($H$33:H33))),"")) | I34: =B34 -> Z ROLI SB 53, TF 105 | J34: =($K$31*E34+D34)*$B$7 -> 0.30127315 | K34: 0.020833333 | L34: =J34+K34 -> 0.32210648 | M34: 80 | N34: =J34*$M34*24 -> 578.44444 | O34: =K34*$M34*24 -> 40 | Q34: 1 | R34: =IFERROR(VLOOKUP(Q34,$H$34:$I$40,2,FALSE),"") -> Z PŁYTY TF 103, TF 104
A35: =IFERROR(IF(VLOOKUP(I35,$R$34:$R$40,1,FALSE)=I35,L35*24*M35,"ograniczenie maszyny"),"ograniczenie maszyny") -> 572.25 | B35: Z PŁYTY TF 103, TF 104 | C35: 750x1000 | D35: 0.00013888889 | E35: 1 | F35: NIE | G35: =LEFT(C35,SEARCH("x",C35)-1)*RIGHT(C35,LEN(C35)-SEARCH("x",C35))/(1000^2) -> 0.75 | H35: =IF($B$9="z roli",IF($B$9=C35,1,""),IF(G35>=$G$44,IF($B$8="NIE",1+MAX($H$33:H34),IF(F35="NIE","",1+MAX($H$33:H34))),"")) -> 1 | I35: =B35 -> Z PŁYTY TF 103, TF 104 | J35: =($K$31*E35+D35)*$B$7 -> 0.309375 | K35: 0.03125 | L35: =J35+K35 -> 0.340625 | M35: 70 | N35: =J35*$M35*24 -> 519.75 | O35: =K35*$M35*24 -> 52.5 | Q35: 2 | R35: =IFERROR(VLOOKUP(Q35,$H$34:$I$40,2,FALSE),"") -> Z PŁYTY TF 102
A36: =IFERROR(IF(VLOOKUP(I36,$R$34:$R$40,1,FALSE)=I36,L36*24*M36,"ograniczenie maszyny"),"ograniczenie maszyny") -> 671.53333 | B36: Z PŁYTY TF 102 | C36: 750x1000 | D36: 0.00013888889 | E36: 1.2 | F36: TAK | G36: =LEFT(C36,SEARCH("x",C36)-1)*RIGHT(C36,LEN(C36)-SEARCH("x",C36))/(1000^2) -> 0.75 | H36: =IF($B$9="z roli",IF($B$9=C36,1,""),IF(G36>=$G$44,IF($B$8="NIE",1+MAX($H$33:H35),IF(F36="NIE","",1+MAX($H$33:H35))),"")) -> 2 | I36: =B36 -> Z PŁYTY TF 102 | J36: =($K$31*E36+D36)*$B$7 -> 0.36847222 | K36: 0.03125 | L36: =J36+K36 -> 0.39972222 | M36: 70 | N36: =J36*$M36*24 -> 619.03333 | O36: =K36*$M36*24 -> 52.5 | Q36: 3 | R36: =IFERROR(VLOOKUP(Q36,$H$34:$I$40,2,FALSE),"") -> Z PŁYTY TF 1
A37: =IFERROR(IF(VLOOKUP(I37,$R$34:$R$40,1,FALSE)=I37,L37*24*M37,"ograniczenie maszyny"),"ograniczenie maszyny") -> 671.53333 | B37: Z PŁYTY TF 1 | C37: 1000x1000 | D37: 0.00013888889 | E37: 1.2 | F37: TAK | G37: =LEFT(C37,SEARCH("x",C37)-1)*RIGHT(C37,LEN(C37)-SEARCH("x",C37))/(1000^2) -> 1 | H37: =IF($B$9="z roli",IF($B$9=C37,1,""),IF(G37>=$G$44,IF($B$8="NIE",1+MAX($H$33:H36),IF(F37="NIE","",1+MAX($H$33:H36))),"")) -> 3 | I37: =B37 -> Z PŁYTY TF 1 | J37: =($K$31*E37+D37)*$B$7 -> 0.36847222 | K37: 0.03125 | L37: =J37+K37 -> 0.39972222 | M37: 70 | N37: =J37*$M37*24 -> 619.03333 | O37: =K37*$M37*24 -> 52.5 | Q37: 4 | R37: =IFERROR(VLOOKUP(Q37,$H$34:$I$40,2,FALSE),"") -> Z PŁYTY TF 12G 2 PIECE
A38: =IFERROR(IF(VLOOKUP(I38,$R$34:$R$40,1,FALSE)=I38,L38*24*M38,"ograniczenie maszyny"),"ograniczenie maszyny") -> 589.75 | B38: Z PŁYTY TF 12G 2 PIECE | C38: 1000x1000 | D38: 0.00013888889 | E38: 1 | F38: TAK | G38: =LEFT(C38,SEARCH("x",C38)-1)*RIGHT(C38,LEN(C38)-SEARCH("x",C38))/(1000^2) -> 1 | H38: =IF($B$9="z roli",IF($B$9=C38,1,""),IF(G38>=$G$44,IF($B$8="NIE",1+MAX($H$33:H37),IF(F38="NIE","",1+MAX($H$33:H37))),"")) -> 4 | I38: =B38 -> Z PŁYTY TF 12G 2 PIECE | J38: =($K$31*E38+D38)*$B$7 -> 0.309375 | K38: 0.041666667 | L38: =J38+K38 -> 0.35104167 | M38: 70 | N38: =J38*$M38*24 -> 519.75 | O38: =K38*$M38*24 -> 70 | Q38: 5 | R38: =IFERROR(VLOOKUP(Q38,$H$34:$I$40,2,FALSE),"") -> Z PŁYTY TF 15 | U38: =R38 -> Z PŁYTY TF 15
A39: =IFERROR(IF(VLOOKUP(I39,$R$34:$R$40,1,FALSE)=I39,L39*24*M39,"ograniczenie maszyny"),"ograniczenie maszyny") -> 731.49111 | B39: Z PŁYTY TF 15 | C39: 1000x1500 | D39: 0.00023148148 | E39: 1.07 | F39: TAK | G39: =LEFT(C39,SEARCH("x",C39)-1)*RIGHT(C39,LEN(C39)-SEARCH("x",C39))/(1000^2) -> 1.5 | H39: =IF($B$9="z roli",IF($B$9=C39,1,""),IF(G39>=$G$44,IF($B$8="NIE",1+MAX($H$33:H38),IF(F39="NIE","",1+MAX($H$33:H38))),"")) -> 5 | I39: =B39 -> Z PŁYTY TF 15 | J39: =($K$31*E39+D39)*$B$7 -> 0.33931829 | K39: 0.041666667 | L39: =J39+K39 -> 0.38098495 | M39: 80 | N39: =J39*$M39*24 -> 651.49111 | O39: =K39*$M39*24 -> 80 | Q39: 6 | R39: =IFERROR(VLOOKUP(Q39,$H$34:$I$40,2,FALSE),"") -> Z PŁYTY TF 25G 2 PIECE | U39: =R39 -> Z PŁYTY TF 25G 2 PIECE
A40: =IFERROR(IF(VLOOKUP(I40,$R$34:$R$40,1,FALSE)=I40,L40*24*M40,"ograniczenie maszyny"),"ograniczenie maszyny") -> 1786.5 | B40: Z PŁYTY TF 25G 2 PIECE | C40: 1500x2500 | D40: 0.00034722222 | E40: 1 | F40: TAK | G40: =LEFT(C40,SEARCH("x",C40)-1)*RIGHT(C40,LEN(C40)-SEARCH("x",C40))/(1000^2) -> 3.75 | H40: =IF($B$9="z roli",IF($B$9=C40,1,""),IF(G40>=$G$44,IF($B$8="NIE",1+MAX($H$33:H39),IF(F40="NIE","",1+MAX($H$33:H39))),"")) -> 6 | I40: =B40 -> Z PŁYTY TF 25G 2 PIECE | J40: =($K$31*E40+D40)*$B$7 -> 0.33020833 | K40: 0.083333333 | L40: =J40+K40 -> 0.41354167 | M40: 180 | N40: =J40*$M40*24 -> 1426.5 | O40: =K40*$M40*24 -> 360 | Q40: 7 | R40: =IFERROR(VLOOKUP(Q40,$H$34:$I$40,2,FALSE),"") | U40: =R40
A42: Z roli | B42: 700 | C42: 700
A43: 750x1000 | B43: 750x1000 | C43: 1000
A44: 1000x1000 | B44: 1000x1000 | C44: 1000 | G44: =LEFT(B9,SEARCH("x",B9)-1)*RIGHT(B9,LEN(B9)-SEARCH("x",B9))/(1000^2) -> 0.75
A45: 1000x1500 | B45: 1000x1500 | C45: 1500
A46: 1500x2500 | B46: 1500x2500 | C46: 2500

Sheet FREZ
A1: FREZOWANIE | J1: CIĘCIE
A2: Materiał | B2: =VLOOKUP(KALKULATOR!B1,Materiały_zakupowe!A:AD,5,FALSE) -> VIVAK/PET/TUPET/AXPET | F2: Frezarka FESTOOL I | G2: Stawka maszyny | H2: =VLOOKUP(F2,Tabela13[[Maszyna]:[Stawka]],2,FALSE) -> 35 | J2: RODZAJ ELEMENTU | K2: =KALKULATOR!C112 -> WYTŁOCZKA | O2: Piła tarczowa DE WALT I | P2: stawkqa | Q2: =VLOOKUP(O2,Tabela13[[Maszyna]:[Stawka]],2,FALSE) -> 35
A3: ilość formatek | B3: =KALKULATOR!I1/KALKULATOR!D108 -> 100 | J3: DŁUGOŚĆ CIĘCUIA | K3: =KALKULATOR!E112 -> 200 | L3: 0.00069444444
A4: dł frezowania | B4: =KALKULATOR!E108 -> 250 | J4: ILOŚĆ FORMATEK | K4: =KALKULATOR!I1/KALKULATOR!D112 -> 100
A5: Rodzaj elementu | B5: =KALKULATOR!C108 -> WYTŁOCZKA OBRÓBKA NIEPROSTOLINIOWA | C5: 0.00069444444 | E5: WYTŁOCZKA OBRÓBKA NIEPROSTOLINIOWA
J7: PRĘDKOŚĆ | K7: =VLOOKUP(K2,J15:K17,2,FALSE) -> 1000
A8: Prędkość | B8: =VLOOKUP(B2,A15:E20,MATCH(B5,A15:E15,0),FALSE) -> 550 | E8: Operacja | F8: =B12*B3 -> 0.066287879 | G8: =F8*24*$H$2 -> 55.681818 | J8: min ciecie | K8: 0.00011574074 | N8: Operacja | O8: =K12*K4 -> 0.03125 | P8: =O8*24*$Q$2 -> 26.25
E9: Przezbrojenei | F9: 0.010416667 | G9: =F9*24*$H$2 -> 8.75 | N9: Przezbrojenei | O9: 0.010416667 | P9: =O9*24*$Q$2 -> 8.75
A10: frezowanie | B10: =B4/B8*C5 -> 0.00031565657 | J10: ciecie | K10: =IF(K3/K7*L3<K8,K8,K3/K7*L3) -> 0.00013888889
A11: założenie/odłożenie | B11: =HLOOKUP(B5,B15:E21,7,FALSE) -> 0.00034722222 | J11: założenie | K11: =VLOOKUP(K2,J15:L17,3,FALSE) -> 0.00017361111
A12: Suma | B12: =SUM(B10:B11) -> 0.00066287879 | J12: suma | K12: =SUM(K10:K11) -> 0.0003125
A15: MATERIAŁ | B15: PŁASKA OBRÓBKA PROSTOLINIOWA | C15: WYTŁOCZKA OBRÓBKA PROSTOLINIOWA | D15: PŁASKA OBRÓBKA NIEPROSTOLINIOWA | E15: WYTŁOCZKA OBRÓBKA NIEPROSTOLINIOWA | J15: WYTŁOCZKA | K15: 1000 | L15: 0.00017361111
A16: PLEXI | B16: 950 | C16: 850 | D16: 470 | E16: 400 | J16: PŁASKIE | K16: 1000 | L16: 6.9444444e-05
A17: PCV | B17: 900 | C17: 900 | D17: 450 | E17: 450 | J17: CIĘCIE WSTĘPNE | K17: 2000 | L17: 6.9444444e-05
A18: PCV SPIENIONE | B18: 1100 | C18: 1000 | D18: 550 | E18: 500
A19: VIVAK/PET/TUPET/AXPET | B19: 1200 | C19: 1100 | D19: 600 | E19: 550
A20: HIPS | B20: 1100 | C20: 1000 | D20: 550 | E20: 500
B21: 0.00023148148 | C21: 0.00034722222 | D21: 0.00023148148 | E21: 0.00034722222
A29: frezowanie std | J29: ciecie std
A30: Nakład | B30: =KALKULATOR!I1/KALKULATOR!E116 -> 100 | H30: stawka maszyny | I30: 60 | J30: Nakład | K30: =KALKULATOR!I1/KALKULATOR!E120 -> 100 | Q30: stawka maszyny | R30: 60
A31: ELEMENT | B31: =KALKULATOR!C116 -> TACKI FREZOWANIE FASOLKI 1PKT | J31: ELEMENT | K31: =KALKULATOR!C120 -> KĄTOWNIK WTRYSKOWY
A32: WYRÓB/ OPERACJA | B32: =KALKULATOR!D116 -> TACKI FREZOWANIE FASOLKI 1PKT | G32: Operacja | H32: =VLOOKUP(B31&B32,A91:E106,5,FALSE) -> 0.020833333 | I32: =H32*24*$I$30 -> 30 | J32: WYRÓB/ OPERACJA | K32: =KALKULATOR!D120 -> CIĘCIE NÓŻEK | P32: Operacja | Q32: =VLOOKUP(K31&K32,J91:N137,5,FALSE) -> 0.027777778 | R32: =Q32*24*R30 -> 40
G33: Przezbrojenei | H33: 0.0034722222 | I33: =H33*24*$I$30 -> 5 | P33: Przezbrojenei | Q33: 0.0034722222 | R33: =Q33*24*R30 -> 5
A35: ELEMENT | B35: WYRÓB OPERACJA | J35: ELEMENT | K35: WYRÓB OPERACJA
A36: ŁĄCZNIK ELIPSA MAŁA | B36: FREZOWANIE ŁUKU | C36: =IF($B$31=A36,MAX(C$35:$C35)+1,"") | D36: =B36 -> FREZOWANIE ŁUKU | E36: 1 | F36: =IFERROR(VLOOKUP(E36,$C$36:$D$52,2,FALSE),"") -> TACKI FREZOWANIE FASOLKI 1PKT | G36: =IF(F36="","",E36) -> 1 | J36: ŁĄCZNIK ELIPSA MAŁA | K36: CIĘCIE | L36: =IF($K$31=J36,MAX(L$35:$L35)+1,"") | M36: =K36 -> CIĘCIE | N36: 1 | O36: =IFERROR(VLOOKUP(N36,$L$36:$M$52,2,FALSE),"") -> CIĘCIE ŁĄCZNIKA | P36: =IF(O36="","",N36) -> 1
A37: ŁĄCZNIK ELIPSA MAŁA | B37: FREZOWANIE KANAŁU | C37: =IF($B$31=A37,MAX(C$35:$C36)+1,"") | D37: =B37 -> FREZOWANIE KANAŁU | E37: 2 | F37: =IFERROR(VLOOKUP(E37,$C$36:$D$52,2,FALSE),"") | G37: =IF(F37="","",E37) | J37: ŁĄCZNIK ELIPSA DUŻA | K37: CIĘCIE | L37: =IF($K$31=J37,MAX(L$35:$L36)+1,"") | M37: =K37 -> CIĘCIE | N37: 2 | O37: =IFERROR(VLOOKUP(N37,$L$36:$M$52,2,FALSE),"") -> CIĘCIE NÓŻEK | P37: =IF(O37="","",N37) -> 2
A38: ŁĄCZNIK ELIPSA DUŻA | B38: FREZOWANIE ŁUKU | C38: =IF($B$31=A38,MAX(C$35:$C37)+1,"") | D38: =B38 -> FREZOWANIE ŁUKU | E38: 3 | F38: =IFERROR(VLOOKUP(E38,$C$36:$D$52,2,FALSE),"") | G38: =IF(F38="","",E38) | J38: ŁĄCZNIK PT | K38: CIĘCIE | L38: =IF($K$31=J38,MAX(L$35:$L37)+1,"") | M38: =K38 -> CIĘCIE | N38: 3 | O38: =IFERROR(VLOOKUP(N38,$L$36:$M$52,2,FALSE),"") -> CIĘCIE ŁĄCZNIKA TOPEROWEGO | P38: =IF(O38="","",N38) -> 3
A39: ŁĄCZNIK ELIPSA DUŻA | B39: FREZOWANIE KANAŁU | C39: =IF($B$31=A39,MAX(C$35:$C38)+1,"") | D39: =B39 -> FREZOWANIE KANAŁU | E39: 4 | F39: =IFERROR(VLOOKUP(E39,$C$36:$D$52,2,FALSE),"") | G39: =IF(F39="","",E39) | J39: KĄTOWNIK WTRYSKOWY | K39: CIĘCIE ŁĄCZNIKA | L39: =IF($K$31=J39,MAX(L$35:$L38)+1,"") -> 1 | M39: =K39 -> CIĘCIE ŁĄCZNIKA | N39: 4 | O39: =IFERROR(VLOOKUP(N39,$L$36:$M$52,2,FALSE),"") | P39: =IF(O39="","",N39)
A40: ŁĄCZNIK PT | B40: FREZOWANIE ŁUKU | C40: =IF($B$31=A40,MAX(C$35:$C39)+1,"") | D40: =B40 -> FREZOWANIE ŁUKU | E40: 5 | F40: =IFERROR(VLOOKUP(E40,$C$36:$D$52,2,FALSE),"") | G40: =IF(F40="","",E40) | J40: KĄTOWNIK WTRYSKOWY | K40: CIĘCIE NÓŻEK | L40: =IF($K$31=J40,MAX(L$35:$L39)+1,"") -> 2 | M40: =K40 -> CIĘCIE NÓŻEK | N40: 5 | O40: =IFERROR(VLOOKUP(N40,$L$36:$M$52,2,FALSE),"") | P40: =IF(O40="","",N40)
A41: ŁĄCZNIK PT | B41: FREZOWANIE KANAŁU | C41: =IF($B$31=A41,MAX(C$35:$C40)+1,"") | D41: =B41 -> FREZOWANIE KANAŁU | E41: 6 | F41: =IFERROR(VLOOKUP(E41,$C$36:$D$52,2,FALSE),"") | G41: =IF(F41="","",E41) | J41: KĄTOWNIK WTRYSKOWY | K41: CIĘCIE ŁĄCZNIKA TOPEROWEGO | L41: =IF($K$31=J41,MAX(L$35:$L40)+1,"") -> 3 | M41: =K41 -> CIĘCIE ŁĄCZNIKA TOPEROWEGO | N41: 6 | O41: =IFERROR(VLOOKUP(N41,$L$36:$M$52,2,FALSE),"") | P41: =IF(O41="","",N41)
A42: ŁĄCZNIK WING | B42: FREZOWANIE ŁUKU | C42: =IF($B$31=A42,MAX(C$35:$C41)+1,"") | D42: =B42 -> FREZOWANIE ŁUKU | E42: 7 | F42: =IFERROR(VLOOKUP(E42,$C$36:$D$52,2,FALSE),"") | G42: =IF(F42="","",E42) | J42: ŁĄCZNIK WING | K42: CIĘCIE | L42: =IF($K$31=J42,MAX(L$35:$L41)+1,"") | M42: =K42 -> CIĘCIE | N42: 7 | O42: =IFERROR(VLOOKUP(N42,$L$36:$M$52,2,FALSE),"") | P42: =IF(O42="","",N42)
A43: ŁĄCZNIK WING | B43: FREZOWANIE KANAŁU | C43: =IF($B$31=A43,MAX(C$35:$C42)+1,"") | D43: =B43 -> FREZOWANIE KANAŁU | E43: 8 | F43: =IFERROR(VLOOKUP(E43,$C$36:$D$52,2,FALSE),"") | G43: =IF(F43="","",E43) | J43: ŁĄCZNIK TRIANGLE | K43: CIĘCIE ŁĄCZNIKA | L43: =IF($K$31=J43,MAX(L$35:$L42)+1,"") | M43: =K43 -> CIĘCIE ŁĄCZNIKA | N43: 8 | O43: =IFERROR(VLOOKUP(N43,$L$36:$M$52,2,FALSE),"") | P43: =IF(O43="","",N43)
A44: ŁĄCZNIK KR | B44: FREZOWANIE ŁUKU | C44: =IF($B$31=A44,MAX(C$35:$C43)+1,"") | D44: =B44 -> FREZOWANIE ŁUKU | E44: 9 | F44: =IFERROR(VLOOKUP(E44,$C$36:$D$52,2,FALSE),"") | G44: =IF(F44="","",E44) | J44: ŁĄCZNIK TRIANGLE | K44: CIĘCIE ŁĄCZNIKA TOPEROWEGO | L44: =IF($K$31=J44,MAX(L$35:$L43)+1,"") | M44: =K44 -> CIĘCIE ŁĄCZNIKA TOPEROWEGO | N44: 9 | O44: =IFERROR(VLOOKUP(N44,$L$36:$M$52,2,FALSE),"") | P44: =IF(O44="","",N44)
A45: ŁĄCZNIK KR | B45: FREZOWANIE KANAŁU | C45: =IF($B$31=A45,MAX(C$35:$C44)+1,"") | D45: =B45 -> FREZOWANIE KANAŁU | E45: 10 | F45: =IFERROR(VLOOKUP(E45,$C$36:$D$52,2,FALSE),"") | G45: =IF(F45="","",E45) | J45: ŁĄCZNIK KR | K45: CIĘCIE | L45: =IF($K$31=J45,MAX(L$35:$L44)+1,"") | M45: =K45 -> CIĘCIE | N45: 10 | O45: =IFERROR(VLOOKUP(N45,$L$36:$M$52,2,FALSE),"") | P45: =IF(O45="","",N45)
A46: MISA SŁUP | B46: FREZOWANIE | C46: =IF($B$31=A46,MAX(C$35:$C45)+1,"") | D46: =B46 -> FREZOWANIE | E46: 11 | F46: =IFERROR(VLOOKUP(E46,$C$36:$D$52,2,FALSE),"") | G46: =IF(F46="","",E46) | J46: RURA FI 32 | K46: CIĘCIE ŁĄCZNIKA | L46: =IF($K$31=J46,MAX(L$35:$L45)+1,"") | M46: =K46 -> CIĘCIE ŁĄCZNIKA | N46: 11 | O46: =IFERROR(VLOOKUP(N46,$L$36:$M$52,2,FALSE),"") | P46: =IF(O46="","",N46)
A47: KĄTOWNIK WTRYSKOWY | B47: FREZOWANIE NÓŻEK DO PODESTÓW | C47: =IF($B$31=A47,MAX(C$35:$C46)+1,"") | D47: =B47 -> FREZOWANIE NÓŻEK DO PODESTÓW | E47: 12 | F47: =IFERROR(VLOOKUP(E47,$C$36:$D$52,2,FALSE),"") | G47: =IF(F47="","",E47) | J47: RURA FI 32 | K47: NACINANIE ŁĄCZNIKA | L47: =IF($K$31=J47,MAX(L$35:$L46)+1,"") | M47: =K47 -> NACINANIE ŁĄCZNIKA | N47: 12 | O47: =IFERROR(VLOOKUP(N47,$L$36:$M$52,2,FALSE),"") | P47: =IF(O47="","",N47)
... A51: ŁĄCZNIK PÓŁKA OKRĄGŁA | B51: FREZOWANIE ŁĄCZNIKA (2 STR.) | C51: =IF($B$31=A51,MAX(C$35:$C50)+1,"") | D51: =B51 -> FREZOWANIE ŁĄCZNIKA (2 STR.) | E51: 16 | F51: =IFERROR(VLOOKUP(E51,$C$36:$D$52,2,FALSE),"") | G51: =IF(F51="","",E51) | J51: RURA FI 32 | K51: FREZ. ŁĄCZNIKA TOPEROWEGO POD GRAFIKĘ | L51: =IF($K$31=J51,MAX(L$35:$L50)+1,"") | M51: =K51 -> FREZ. ŁĄCZNIKA TOPEROWEGO POD GRAFIKĘ | N51: 16 | O51: =IFERROR(VLOOKUP(N51,$L$36:$M$52,2,FALSE),"") | P51: =IF(O51="","",N51)
E52: 17 | F52: =IFERROR(VLOOKUP(E52,$C$36:$D$52,2,FALSE),"") | G52: =IF(F52="","",E52) | J52: RURA FI 42 | K52: CIĘCIE ŁĄCZNIKA | L52: =IF($K$31=J52,MAX(L$35:$L51)+1,"") | M52: =K52 -> CIĘCIE ŁĄCZNIKA | N52: 17 | O52: =IFERROR(VLOOKUP(N52,$L$36:$M$52,2,FALSE),"") | P52: =IF(O52="","",N52)
J53: RURA FI 42 | K53: NACINANIE ŁĄCZNIKA | L53: =IF($K$31=J53,MAX(L$35:$L52)+1,"") | M53: =K53 -> NACINANIE ŁĄCZNIKA
J54: RURA FI 42 | K54: CIĘCIE NÓŻEK | L54: =IF($K$31=J54,MAX(L$35:$L53)+1,"") | M54: =K54 -> CIĘCIE NÓŻEK
J55: RURA FI 42 | K55: NACINANIE NÓŻEK | L55: =IF($K$31=J55,MAX(L$35:$L54)+1,"") | M55: =K55 -> NACINANIE NÓŻEK
J56: RURA FI 42 | K56: CIĘCIE ŁĄCZNIKA TOPEROWEGO | L56: =IF($K$31=J56,MAX(L$35:$L55)+1,"") | M56: =K56 -> CIĘCIE ŁĄCZNIKA TOPEROWEGO
J57: RURA FI 42 | K57: FREZ. ŁĄCZNIKA TOPEROWEGO POD GRAFIKĘ | L57: =IF($K$31=J57,MAX(L$35:$L56)+1,"") | M57: =K57 -> FREZ. ŁĄCZNIKA TOPEROWEGO POD GRAFIKĘ
D58: Operacja | E58: =VLOOKUP(B31&B32,A91:E106,5,FALSE) -> 0.020833333 | J58: ŁĄCZNIK HARDY (TRÓJKĄT) MAŁY | K58: CIĘCIE ŁĄCZNIKA | L58: =IF($K$31=J58,MAX(L$35:$L57)+1,"") | M58: =K58 -> CIĘCIE ŁĄCZNIKA
D59: Przezbrojenei | E59: 0.0034722222 | J59: ŁĄCZNIK HARDY (TRÓJKĄT) MAŁY | K59: CIĘCIE NÓŻEK | L59: =IF($K$31=J59,MAX(L$35:$L58)+1,"") | M59: =K59 -> CIĘCIE NÓŻEK
J60: ŁĄCZNIK HARDY (TRÓJKĄT) MAŁY | K60: CIĘCIE ŁĄCZNIKA TOPEROWEGO | L60: =IF($K$31=J60,MAX(L$35:$L59)+1,"") | M60: =K60 -> CIĘCIE ŁĄCZNIKA TOPEROWEGO
J61: ŁĄCZNIK HARDY (TRÓJKĄT) MAŁY | K61: FREZ. ŁĄCZNIKA TOPEROWEGO POD GRAFIKĘ | L61: =IF($K$31=J61,MAX(L$35:$L60)+1,"") | M61: =K61 -> FREZ. ŁĄCZNIKA TOPEROWEGO POD GRAFIKĘ
J62: ŁĄCZNIK HARDY (TRÓJKĄT) ŚREDNI | K62: CIĘCIE ŁĄCZNIKA | L62: =IF($K$31=J62,MAX(L$35:$L61)+1,"") | M62: =K62 -> CIĘCIE ŁĄCZNIKA
J63: ŁĄCZNIK HARDY (TRÓJKĄT) ŚREDNI | K63: CIĘCIE NÓŻEK | L63: =IF($K$31=J63,MAX(L$35:$L62)+1,"") | M63: =K63 -> CIĘCIE NÓŻEK
J64: ŁĄCZNIK HARDY (TRÓJKĄT) ŚREDNI | K64: CIĘCIE ŁĄCZNIKA TOPEROWEGO | L64: =IF($K$31=J64,MAX(L$35:$L63)+1,"") | M64: =K64 -> CIĘCIE ŁĄCZNIKA TOPEROWEGO
J65: ŁĄCZNIK HARDY (TRÓJKĄT) ŚREDNI | K65: FREZ. ŁĄCZNIKA TOPEROWEGO POD GRAFIKĘ | L65: =IF($K$31=J65,MAX(L$35:$L64)+1,"") | M65: =K65 -> FREZ. ŁĄCZNIKA TOPEROWEGO POD GRAFIKĘ
J66: ŁĄCZNIK HARDY (TRÓJKĄT) DUŻY | K66: CIĘCIE ŁĄCZNIKA | L66: =IF($K$31=J66,MAX(L$35:$L65)+1,"") | M66: =K66 -> CIĘCIE ŁĄCZNIKA
J67: ŁĄCZNIK HARDY (TRÓJKĄT) DUŻY | K67: CIĘCIE NÓŻEK | L67: =IF($K$31=J67,MAX(L$35:$L66)+1,"") | M67: =K67 -> CIĘCIE NÓŻEK
J68: ŁĄCZNIK HARDY (TRÓJKĄT) DUŻY | K68: CIĘCIE ŁĄCZNIKA TOPEROWEGO | L68: =IF($K$31=J68,MAX(L$35:$L67)+1,"") | M68: =K68 -> CIĘCIE ŁĄCZNIKA TOPEROWEGO
J69: ŁĄCZNIK HARDY (TRÓJKĄT) DUŻY | K69: FREZ. ŁĄCZNIKA TOPEROWEGO POD GRAFIKĘ | L69: =IF($K$31=J69,MAX(L$35:$L68)+1,"") | M69: =K69 -> FREZ. ŁĄCZNIKA TOPEROWEGO POD GRAFIKĘ
J70: ŁĄCZNIK GWIAZDA | K70: CIĘCIE ŁĄCZNIKA | L70: =IF($K$31=J70,MAX(L$35:$L69)+1,"") | M70: =K70 -> CIĘCIE ŁĄCZNIKA
J71: ŁĄCZNIK GWIAZDA | K71: CIĘCIE NÓŻEK | L71: =IF($K$31=J71,MAX(L$35:$L70)+1,"") | M71: =K71 -> CIĘCIE NÓŻEK
... J82: KORYTKA ELEKTRYCZNE | K82: CIĘCIE | L82: =IF($K$31=J82,MAX(L$35:$L81)+1,"") | M82: =K82 -> CIĘCIE
B90: CZAS NA 1SZT. RZECZYWISTY [s] | C90: NORMA [szt./godz.] | D90: CZAS 1 szt. | E90: CZAS NAKŁADU | F90: Frezowanie bez duplikatów | K90: CZAS NA 1SZT. RZECZYWISTY [s] | L90: NORMA [szt./godz.] | M90: CZAS 1 szt. | N90: CZAS NAKŁADU | O90: Cięcie bez duplikatów
A91: =A36&B36 -> ŁĄCZNIK ELIPSA MAŁAFREZOWANIE ŁUKU | B91: 45 | C91: =3600/B91 -> 80 | D91: =B91/24/3600 -> 0.00052083333 | E91: =D91*$B$30 -> 0.052083333 | F91: ŁĄCZNIK ELIPSA MAŁA | J91: =J36&K36 -> ŁĄCZNIK ELIPSA MAŁACIĘCIE | K91: 30 | L91: =3600/K91 -> 120 | M91: =K91/24/3600 -> 0.00034722222 | N91: =M91*$K$30 -> 0.034722222 | O91: ŁĄCZNIK ELIPSA MAŁA
A92: =A37&B37 -> ŁĄCZNIK ELIPSA MAŁAFREZOWANIE KANAŁU | B92: 36 | C92: =3600/B92 -> 100 | D92: =B92/24/3600 -> 0.00041666667 | E92: =D92*$B$30 -> 0.041666667 | F92: ŁĄCZNIK ELIPSA DUŻA | J92: =J37&K37 -> ŁĄCZNIK ELIPSA DUŻACIĘCIE | K92: 36 | L92: =3600/K92 -> 100 | M92: =K92/24/3600 -> 0.00041666667 | N92: =M92*$K$30 -> 0.041666667 | O92: ŁĄCZNIK ELIPSA DUŻA
A93: =A38&B38 -> ŁĄCZNIK ELIPSA DUŻAFREZOWANIE ŁUKU | B93: 72 | C93: =3600/B93 -> 50 | D93: =B93/24/3600 -> 0.00083333333 | E93: =D93*$B$30 -> 0.083333333 | F93: ŁĄCZNIK PT | J93: =J38&K38 -> ŁĄCZNIK PTCIĘCIE | K93: 30 | L93: =3600/K93 -> 120 | M93: =K93/24/3600 -> 0.00034722222 | N93: =M93*$K$30 -> 0.034722222 | O93: ŁĄCZNIK PT
A94: =A39&B39 -> ŁĄCZNIK ELIPSA DUŻAFREZOWANIE KANAŁU | B94: 36 | C94: =3600/B94 -> 100 | D94: =B94/24/3600 -> 0.00041666667 | E94: =D94*$B$30 -> 0.041666667 | F94: ŁĄCZNIK WING | J94: =J39&K39 -> KĄTOWNIK WTRYSKOWYCIĘCIE ŁĄCZNIKA | K94: 24 | L94: =3600/K94 -> 150 | M94: =K94/24/3600 -> 0.00027777778 | N94: =M94*$K$30 -> 0.027777778 | O94: KĄTOWNIK WTRYSKOWY
A95: =A40&B40 -> ŁĄCZNIK PTFREZOWANIE ŁUKU | B95: 51 | C95: =3600/B95 -> 70.588235 | D95: =B95/24/3600 -> 0.00059027778 | E95: =D95*$B$30 -> 0.059027778 | F95: ŁĄCZNIK KR | J95: =J40&K40 -> KĄTOWNIK WTRYSKOWYCIĘCIE NÓŻEK | K95: 24 | L95: =3600/K95 -> 150 | M95: =K95/24/3600 -> 0.00027777778 | N95: =M95*$K$30 -> 0.027777778 | O95: ŁĄCZNIK WING
A96: =A41&B41 -> ŁĄCZNIK PTFREZOWANIE KANAŁU | B96: 36 | C96: =3600/B96 -> 100 | D96: =B96/24/3600 -> 0.00041666667 | E96: =D96*$B$30 -> 0.041666667 | F96: MISA SŁUP | J96: =J41&K41 -> KĄTOWNIK WTRYSKOWYCIĘCIE ŁĄCZNIKA TOPEROWEGO | K96: 24 | L96: =3600/K96 -> 150 | M96: =K96/24/3600 -> 0.00027777778 | N96: =M96*$K$30 -> 0.027777778 | O96: ŁĄCZNIK TRIANGLE
A97: =A42&B42 -> ŁĄCZNIK WINGFREZOWANIE ŁUKU | B97: 45 | C97: =3600/B97 -> 80 | D97: =B97/24/3600 -> 0.00052083333 | E97: =D97*$B$30 -> 0.052083333 | F97: KĄTOWNIK WTRYSKOWY | J97: =J42&K42 -> ŁĄCZNIK WINGCIĘCIE | K97: 30 | L97: =3600/K97 -> 120 | M97: =K97/24/3600 -> 0.00034722222 | N97: =M97*$K$30 -> 0.034722222 | O97: ŁĄCZNIK KR
A98: =A43&B43 -> ŁĄCZNIK WINGFREZOWANIE KANAŁU | B98: 36 | C98: =3600/B98 -> 100 | D98: =B98/24/3600 -> 0.00041666667 | E98: =D98*$B$30 -> 0.041666667 | F98: TACKI FREZOWANIE FASOLKI 1PKT | J98: =J43&K43 -> ŁĄCZNIK TRIANGLECIĘCIE ŁĄCZNIKA | K98: 24 | L98: =3600/K98 -> 150 | M98: =K98/24/3600 -> 0.00027777778 | N98: =M98*$K$30 -> 0.027777778 | O98: RURA FI 32
A99: =A44&B44 -> ŁĄCZNIK KRFREZOWANIE ŁUKU | B99: 51 | C99: =3600/B99 -> 70.588235 | D99: =B99/24/3600 -> 0.00059027778 | E99: =D99*$B$30 -> 0.059027778 | F99: TACKI FREZOWANIE FASOLEK 2PKTY | J99: =J44&K44 -> ŁĄCZNIK TRIANGLECIĘCIE ŁĄCZNIKA TOPEROWEGO | K99: 24 | L99: =3600/K99 -> 150 | M99: =K99/24/3600 -> 0.00027777778 | N99: =M99*$K$30 -> 0.027777778 | O99: RURA FI 42
A100: =A45&B45 -> ŁĄCZNIK KRFREZOWANIE KANAŁU | B100: 36 | C100: =3600/B100 -> 100 | D100: =B100/24/3600 -> 0.00041666667 | E100: =D100*$B$30 -> 0.041666667 | F100: ŁĄCZNIK PÓŁKA OKRĄGŁA | J100: =J45&K45 -> ŁĄCZNIK KRCIĘCIE | K100: 60 | L100: =3600/K100 -> 60 | M100: =K100/24/3600 -> 0.00069444444 | N100: =M100*$K$30 -> 0.069444444 | O100: ŁĄCZNIK HARDY (TRÓJKĄT) MAŁY
A101: =A46&B46 -> MISA SŁUPFREZOWANIE | B101: 120 | C101: =3600/B101 -> 30 | D101: =B101/24/3600 -> 0.0013888889 | E101: =D101*$B$30 -> 0.13888889 | J101: =J46&K46 -> RURA FI 32CIĘCIE ŁĄCZNIKA | K101: 12 | L101: =3600/K101 -> 300 | M101: =K101/24/3600 -> 0.00013888889 | N101: =M101*$K$30 -> 0.013888889 | O101: ŁĄCZNIK HARDY (TRÓJKĄT) ŚREDNI
A102: =A47&B47 -> KĄTOWNIK WTRYSKOWYFREZOWANIE NÓŻEK DO PODESTÓW | B102: 36 | C102: =3600/B102 -> 100 | D102: =B102/24/3600 -> 0.00041666667 | E102: =D102*$B$30 -> 0.041666667 | J102: =J47&K47 -> RURA FI 32NACINANIE ŁĄCZNIKA | K102: 12 | L102: =3600/K102 -> 300 | M102: =K102/24/3600 -> 0.00013888889 | N102: =M102*$K$30 -> 0.013888889 | O102: ŁĄCZNIK HARDY (TRÓJKĄT) DUŻY
A103: =A48&B48 -> TACKI FREZOWANIE FASOLKI 1PKTTACKI FREZOWANIE FASOLKI 1PKT | B103: 18 | C103: =3600/B103 -> 200 | D103: =B103/24/3600 -> 0.00020833333 | E103: =D103*$B$30 -> 0.020833333 | J103: =J48&K48 -> RURA FI 32CIĘCIE NÓŻEK | K103: 9 | L103: =3600/K103 -> 400 | M103: =K103/24/3600 -> 0.00010416667 | N103: =M103*$K$30 -> 0.010416667 | O103: ŁĄCZNIK GWIAZDA
A104: =A49&B49 -> TACKI FREZOWANIE FASOLEK 2PKTYTACKI FREZOWANIE FASOLEK 2PKTY | B104: 30 | C104: =3600/B104 -> 120 | D104: =B104/24/3600 -> 0.00034722222 | E104: =D104*$B$30 -> 0.034722222 | J104: =J49&K49 -> RURA FI 32NACINANIE NÓŻEK | K104: 7 | L104: =3600/K104 -> 514.28571 | M104: =K104/24/3600 -> 8.1018519e-05 | N104: =M104*$K$30 -> 0.0081018519 | O104: CENÓWKA
A105: =A50&B50 -> FRONT FREZOWANIE FASOLKI 1PKTFRONT FREZOWANIE FASOLKI 1PKT | B105: 18 | C105: =3600/B105 -> 200 | D105: =B105/24/3600 -> 0.00020833333 | E105: =D105*$B$30 -> 0.020833333 | J105: =J50&K50 -> RURA FI 32CIĘCIE ŁĄCZNIKA TOPEROWEGO | K105: 12 | L105: =3600/K105 -> 300 | M105: =K105/24/3600 -> 0.00013888889 | N105: =M105*$K$30 -> 0.013888889 | O105: SZYBKA (FRONT) ZWYKŁA (TRAY A,B,C,D,E,P)
A106: =A51&B51 -> ŁĄCZNIK PÓŁKA OKRĄGŁAFREZOWANIE ŁĄCZNIKA (2 STR.) | B106: 55 | C106: =3600/B106 -> 65.454545 | D106: =B106/24/3600 -> 0.00063657407 | E106: =D106*$B$30 -> 0.063657407 | J106: =J51&K51 -> RURA FI 32FREZ. ŁĄCZNIKA TOPEROWEGO POD GRAFIKĘ | K106: 14 | L106: =3600/K106 -> 257.14286 | M106: =K106/24/3600 -> 0.00016203704 | N106: =M106*$K$30 -> 0.016203704 | O106: SZYBKA PT
J107: =J52&K52 -> RURA FI 42CIĘCIE ŁĄCZNIKA | K107: 12 | L107: =3600/K107 -> 300 | M107: =K107/24/3600 -> 0.00013888889 | N107: =M107*$K$30 -> 0.013888889 | O107: ŁĄCZNIK "ŁEZKA" KR
J108: =J53&K53 -> RURA FI 42NACINANIE ŁĄCZNIKA | K108: 12 | L108: =3600/K108 -> 300 | M108: =K108/24/3600 -> 0.00013888889 | N108: =M108*$K$30 -> 0.013888889 | O108: MISA SŁUP
J109: =J54&K54 -> RURA FI 42CIĘCIE NÓŻEK | K109: 9 | L109: =3600/K109 -> 400 | M109: =K109/24/3600 -> 0.00010416667 | N109: =M109*$K$30 -> 0.010416667 | O109: RURKA ALUMINIOWA CIĘCIE
J110: =J55&K55 -> RURA FI 42NACINANIE NÓŻEK | K110: 7 | L110: =3600/K110 -> 514.28571 | M110: =K110/24/3600 -> 8.1018519e-05 | N110: =M110*$K$30 -> 0.0081018519 | O110: PROFIL ALUMINIOWY CIĘCIE
J111: =J56&K56 -> RURA FI 42CIĘCIE ŁĄCZNIKA TOPEROWEGO | K111: 12 | L111: =3600/K111 -> 300 | M111: =K111/24/3600 -> 0.00013888889 | N111: =M111*$K$30 -> 0.013888889 | O111: SCHODKI WTRYSKOWE
J112: =J57&K57 -> RURA FI 42FREZ. ŁĄCZNIKA TOPEROWEGO POD GRAFIKĘ | K112: 14 | L112: =3600/K112 -> 257.14286 | M112: =K112/24/3600 -> 0.00016203704 | N112: =M112*$K$30 -> 0.016203704 | O112: PASKI Z TWORZYWA
J113: =J58&K58 -> ŁĄCZNIK HARDY (TRÓJKĄT) MAŁYCIĘCIE ŁĄCZNIKA | K113: 14 | L113: =3600/K113 -> 257.14286 | M113: =K113/24/3600 -> 0.00016203704 | N113: =M113*$K$30 -> 0.016203704 | O113: ŁĄCZNIK PÓŁKA OKRĄGŁA
J114: =J59&K59 -> ŁĄCZNIK HARDY (TRÓJKĄT) MAŁYCIĘCIE NÓŻEK | K114: 14 | L114: =3600/K114 -> 257.14286 | M114: =K114/24/3600 -> 0.00016203704 | N114: =M114*$K$30 -> 0.016203704 | O114: KORYTKA ELEKTRYCZNE
J115: =J60&K60 -> ŁĄCZNIK HARDY (TRÓJKĄT) MAŁYCIĘCIE ŁĄCZNIKA TOPEROWEGO | K115: 14 | L115: =3600/K115 -> 257.14286 | M115: =K115/24/3600 -> 0.00016203704 | N115: =M115*$K$30 -> 0.016203704
J116: =J61&K61 -> ŁĄCZNIK HARDY (TRÓJKĄT) MAŁYFREZ. ŁĄCZNIKA TOPEROWEGO POD GRAFIKĘ | K116: 24 | L116: =3600/K116 -> 150 | M116: =K116/24/3600 -> 0.00027777778 | N116: =M116*$K$30 -> 0.027777778
J117: =J62&K62 -> ŁĄCZNIK HARDY (TRÓJKĄT) ŚREDNICIĘCIE ŁĄCZNIKA | K117: 14 | L117: =3600/K117 -> 257.14286 | M117: =K117/24/3600 -> 0.00016203704 | N117: =M117*$K$30 -> 0.016203704
J118: =J63&K63 -> ŁĄCZNIK HARDY (TRÓJKĄT) ŚREDNICIĘCIE NÓŻEK | K118: 14 | L118: =3600/K118 -> 257.14286 | M118: =K118/24/3600 -> 0.00016203704 | N118: =M118*$K$30 -> 0.016203704
J119: =J64&K64 -> ŁĄCZNIK HARDY (TRÓJKĄT) ŚREDNICIĘCIE ŁĄCZNIKA TOPEROWEGO | K119: 14 | L119: =3600/K119 -> 257.14286 | M119: =K119/24/3600 -> 0.00016203704 | N119: =M119*$K$30 -> 0.016203704
J120: =J65&K65 -> ŁĄCZNIK HARDY (TRÓJKĄT) ŚREDNIFREZ. ŁĄCZNIKA TOPEROWEGO POD GRAFIKĘ | K120: 24 | L120: =3600/K120 -> 150 | M120: =K120/24/3600 -> 0.00027777778 | N120: =M120*$K$30 -> 0.027777778
J121: =J66&K66 -> ŁĄCZNIK HARDY (TRÓJKĄT) DUŻYCIĘCIE ŁĄCZNIKA | K121: 14 | L121: =3600/K121 -> 257.14286 | M121: =K121/24/3600 -> 0.00016203704 | N121: =M121*$K$30 -> 0.016203704
J122: =J67&K67 -> ŁĄCZNIK HARDY (TRÓJKĄT) DUŻYCIĘCIE NÓŻEK | K122: 14 | L122: =3600/K122 -> 257.14286 | M122: =K122/24/3600 -> 0.00016203704 | N122: =M122*$K$30 -> 0.016203704
J123: =J68&K68 -> ŁĄCZNIK HARDY (TRÓJKĄT) DUŻYCIĘCIE ŁĄCZNIKA TOPEROWEGO | K123: 14 | L123: =3600/K123 -> 257.14286 | M123: =K123/24/3600 -> 0.00016203704 | N123: =M123*$K$30 -> 0.016203704
J124: =J69&K69 -> ŁĄCZNIK HARDY (TRÓJKĄT) DUŻYFREZ. ŁĄCZNIKA TOPEROWEGO POD GRAFIKĘ | K124: 24 | L124: =3600/K124 -> 150 | M124: =K124/24/3600 -> 0.00027777778 | N124: =M124*$K$30 -> 0.027777778
J125: =J70&K70 -> ŁĄCZNIK GWIAZDACIĘCIE ŁĄCZNIKA | K125: 24 | L125: =3600/K125 -> 150 | M125: =K125/24/3600 -> 0.00027777778 | N125: =M125*$K$30 -> 0.027777778
J126: =J71&K71 -> ŁĄCZNIK GWIAZDACIĘCIE NÓŻEK | K126: 24 | L126: =3600/K126 -> 150 | M126: =K126/24/3600 -> 0.00027777778 | N126: =M126*$K$30 -> 0.027777778
... J137: =J82&K82 -> KORYTKA ELEKTRYCZNECIĘCIE | K137: 10 | L137: =3600/K137 -> 360 | M137: =K137/24/3600 -> 0.00011574074 | N137: =M137*$K$30 -> 0.011574074

Sheet FORMY
A1: Ploter frezujący | I1: FREZOWANIE INFOTEC | Q1: LASER
A2: Materiał | B2: =VLOOKUP(KALKULATOR!B1,Materiały_zakupowe!A:AA,16,FALSE) -> VIVAK / PET | E2: Ploter A4004 | F2: Stawka maszyny | G2: =VLOOKUP(E2,Stawki_maszyn!B:C,2,FALSE) -> 50 | I2: materiał | J2: =VLOOKUP(KALKULATOR!B1,Materiały_zakupowe!A:AD,13,FALSE) -> PET | N2: INFOTEC 3121 | O2: stawka | P2: =VLOOKUP(N2,Stawki_maszyn!B:D,2,FALSE) -> 50 | Q2: MATERIAŁ | R2: =VLOOKUP(KALKULATOR!B1,Materiały_zakupowe!A:AD,15,FALSE) -> VIVAK / PET itp. | V2: Ploter laserowy NRG 608 | W2: stawka maszyny | X2: =VLOOKUP(V2,Stawki_maszyn!B:C,2,FALSE) -> 50
A3: ILOŚĆ UŻYTKÓW | B3: =KALKULATOR!C85 -> 1 | I3: ilość użytków | J3: =KALKULATOR!C89 -> 1 | Q3: GRUBOŚĆ | R3: =VLOOKUP(KALKULATOR!B1,Materiały_zakupowe!A:AD,21,FALSE) -> 3
A4: ilość formatek | B4: =KALKULATOR!I1/KALKULATOR!C85 -> 100 | I4: ilość formatek | J4: =KALKULATOR!I1/KALKULATOR!C89 -> 100 | Q4: ILOŚĆ UŻYTKÓW | R4: =KALKULATOR!C94 -> 1
A5: DŁUGOŚĆ FREZOWANIA [MM] | B5: =KALKULATOR!D85 -> 2000 | I5: długość frezowania [mm] | J5: =KALKULATOR!D89 -> 2500 | K5: 0.00069444444 | Q5: ILOŚĆ FORMATEK | R5: =KALKULATOR!I1/KALKULATOR!C94 -> 100
A6: RODZAJ FORM | B6: =KALKULATOR!E85 -> 2D | C6: 0.00069444444 | Q6: DŁUGOŚĆ FREZOWANIA | R6: =KALKULATOR!D94 -> 2000 | S6: 0.00069444444
A7: Prędkość | B7: =VLOOKUP(B2,A20:B27,2,FALSE) -> 1000 | I7: prędkość | J7: =HLOOKUP(J2,I19:O20,2,FALSE) -> 2700 | V7: O ile stary wolniejszy od nowego | Y7: 1
Q8: Prędkość | R8: =VLOOKUP(R2,Q20:AB24,MATCH(R3,Q20:AB20,0),FALSE) -> 3420
A9: założenie | B9: =C9*B3 -> 0.00034722222 | C9: 0.00034722222 | E9: Operacja | F9: =B13*B4 -> 0.27777778 | G9: =F9*24*$G$2 -> 333.33333 | I9: Czas frezowania | J9: =J5/J7*K5 -> 0.00064300412 | V9: 0.0034722222 | X9: nowy laser | Z9: stary laser
A10: frez | B10: =B5/B7*C6 -> 0.0013888889 | E10: Przezbrojenei | F10: =VLOOKUP(B6,A17:B18,2,FALSE) -> 0.013888889 | G10: =F10*24*$G$2 -> 16.666667 | I10: Czas wymiany formatki | J10: =VLOOKUP(J3,I23:J28,2,TRUE)*J3 -> 0.00052083333 | Q10: czas zdjęcia elementów | R10: =S10*R4 -> 3.4722222e-05 | S10: 3.4722222e-05 | U10: operacja | V10: =R15*R5 -> 0.08806449 | W10: Operacja łaczny czas | X10: =(V10/(1/24))*V9+V10 -> 0.095403197 | Y10: =V10*24*$X$2 -> 105.67739 | Z10: =X10*Y7 -> 0.095403197
B11: 0.00069444444 | I11: Czas wymiany narzędzi | J11: 0.0013888889 | Q11: zmiana ścieżki | R11: =S11*R4 -> 9.2592593e-05 | S11: 9.2592593e-05 | W11: Przezbrojenei | X11: 0.013888889 | Y11: =X11*24*$X$2 -> 16.666667 | Z11: 0.013888889
A12: zmiana sciezki | B12: =C12*B3 -> 0.00034722222 | C12: 0.00034722222 | I12: Czas zmiany ścieżek | J12: =K12*J3 -> 0.00013888889 | K12: 0.00013888889 | Q12: wymiana formatki | R12: 0.00034722222
B13: =SUM(B9:B12)*VLOOKUP(B6,A17:C31,3,FALSE) -> 0.0027777778 | I13: czas dod | J13: =IF(J2="plexa",N23,N24) -> 0.00011574074 | N13: Operacja | O13: =J14*J4 -> 0.2807356 | P13: =O13*24*$P$2 -> 336.88272 | Q13: czas cięcia | R13: =R6/R8*S6 -> 0.00040610786
J14: =SUM(J9:J13) -> 0.002807356 | N14: Przezbrojenei | O14: 0.013888889 | P14: =O14*24*$P$2 -> 16.666667
R15: =SUM(R10:R13) -> 0.0008806449
A16: Przezbrojenie
A17: 2D | B17: 0.013888889 | C17: 1
A18: 3D | B18: 0.020833333 | C18: 2
A19: Prędkości | J19: PLEXA | K19: HIPS | L19: PCV | M19: PCV SP. | N19: PET | O19: DIBOND
A20: PLEXI | B20: 1000 | I20: Posuw [mm/min | J20: 3000 | K20: 2700 | L20: 3000 | M20: 4200 | N20: 2700 | O20: 4200 | Q20: MATERIAŁ | R20: 0.5 | S20: 0.8 | T20: 1 | U20: 1.5 | V20: 2 | W20: 3 | X20: 4 | Y20: 5 | Z20: 6 | AA20: 8 | AB20: 10
A21: PCV | B21: 1200 | Q21: PLEXI | R21: x | S21: x | T21: x | U21: 5400 | V21: 4800 | W21: 3600 | X21: 2700 | Y21: 2100 | Z21: 1500 | AA21: 900 | AB21: 600
A22: PCV SPIENIONE | B22: 1500 | Q22: SKLEJKA | R22: x | S22: x | T22: x | U22: x | V22: 2100 | W22: 2100 | X22: 1800 | Y22: 1500 | Z22: 1200 | AA22: 900 | AB22: 600
A23: DIBOND | B23: 500 | I23: 0 | J23: 0.00052083333 | N23: 0.00017361111 | Q23: VIVAK / PET itp. | R23: 8400 | S23: 7500 | T23: 6000 | U23: 5100 | V23: 4200 | W23: 3420 | X23: x | Y23: x | Z23: x | AA23: x | AB23: x
A24: ALUMINIUM | B24: 500 | I24: 2 | J24: 0.00034722222 | N24: 0.00011574074 | Q24: HIPS | R24: x | S24: x | T24: 5400 | U24: 4500 | V24: 3600 | W24: 2100 | X24: 1500 | Y24: x | Z24: x | AA24: x | AB24: x
A25: PŁYTA OSB, MDF, WIÓROWA | B25: 1600 | I25: 5 | J25: 0.00023148148
A26: VIVAK / PET | B26: 1000 | I26: 10 | J26: 0.00017361111
A27: HIPS | B27: 1600 | I27: 11 | J27: 0.00011574074
I28: 21 | J28: 5.787037e-05

Sheet Materiały_zakupowe
B1: =COLUMN(B1) -> 2 | C1: =COLUMN(C1) -> 3 | D1: =COLUMN(D1) -> 4 | E1: =COLUMN(E1) -> 5 | F1: =COLUMN(F1) -> 6 | G1: =COLUMN(G1) -> 7 | H1: =COLUMN(H1) -> 8 | I1: =COLUMN(I1) -> 9 | ... AI1: =COLUMN(AI1) -> 35
I2: offset | J2: sito | K2: kaszerowany | L2: Pozostałe
A3: Indeks | B3: Nazwa | C3: Nazwa rozwinięta | D3: Jednostka miary | E3: FREZARKI | F3: PLOTER DRUKUJĄCY ROLAND | G3: PLOTER TNĄCY | H3: FORMATYZERKA | I3: GILOTYNA | J3: GILOTYNA2 | K3: GILOTYNA3 | L3: GILOTYNA4 | M3: INFOTEC | N3: KASZEROWANIE | O3: LASER | P3: PLOTERY FREZUJĄCE | Q3: DRUK SITO | R3: SZTANCOWANIE wyr tworz | S3: TERMOFORMOWANIE | T3: PIŁA POZIOMA | U3: GRUBOŚĆ | V3: Metaliczne perłowe do termoformowania | W3: Centrum HOMAG | X3: Primer do UV | Y3: Termoformowanie-rolowa | Z3: Offset | AA3: LASER METAL | AB3: Wysokość profila | AC3: Szerokość profila | AD3: Materiał | AE3: Długość | AF3: Szerokość | AG3: indeks2
A4: POTF3W2BI | B4: Fala B dwust.bi 1200x600 | C4: gr. 430 | D4: m² | J4: DRUK SITO (folia, papier) [≠0,2] | K4: KASZEROWANY | L4: TEKTURA FAL. [3W, 5W] | N4: T. FALA [B] | Q4: Papier, Folia | R4: TEKTURA / PAPIER / FOLIA | AG4: =Tabela1[[#This Row],[Indeks]] -> POTF3W2BI
A5: POTF3W2BI | B5: Fala B jedn.bi | C5: gr. 430 | D5: m² | J5: DRUK SITO (folia, papier) [≠0,2] | K5: KASZEROWANY | L5: TEKTURA FAL. [3W, 5W] | N5: T. FALA [B] | Q5: Papier, Folia | R5: TEKTURA / PAPIER / FOLIA | AG5: =Tabela1[[#This Row],[Indeks]] -> POTF3W2BI
A6: POTF3WSZ | B6: Fala B szara | C6: gr. 422 | D6: m² | J6: DRUK SITO (folia, papier) [≠0,2] | K6: KASZEROWANY | L6: TEKTURA FAL. [3W, 5W] | N6: T. FALA [B] | Q6: Papier, Folia | R6: TEKTURA / PAPIER / FOLIA | AG6: =Tabela1[[#This Row],[Indeks]] -> POTF3WSZ
A7: POTF5WSZ-BC | B7: Fala BC | C7: gr.650 | D7: m² | J7: DRUK SITO (folia, papier) [≠0,2] | K7: KASZEROWANY | L7: TEKTURA FAL. [3W, 5W] | Q7: Papier, Folia | R7: TEKTURA / PAPIER / FOLIA | AG7: =Tabela1[[#This Row],[Indeks]] -> POTF5WSZ-BC
A8: POTF3W2BI | B8: Fala E dwust.bi | C8: gr. 400 | D8: m² | J8: DRUK SITO (folia, papier) [≠0,2] | K8: KASZEROWANY | L8: TEKTURA FAL. [3W, 5W] | N8: T. FALA [E] | Q8: Papier, Folia | R8: TEKTURA / PAPIER / FOLIA | AG8: =Tabela1[[#This Row],[Indeks]] -> POTF3W2BI
A9: POTF3WBI | B9: Fala E jedn.bi | C9: gr. 400 | D9: m² | J9: DRUK SITO (folia, papier) [≠0,2] | K9: KASZEROWANY | L9: TEKTURA FAL. [3W, 5W] | N9: T. FALA [E] | Q9: Papier, Folia | R9: TEKTURA / PAPIER / FOLIA | AG9: =Tabela1[[#This Row],[Indeks]] -> POTF3WBI
A10: POTF2WSZ | B10: Fala E szara | C10: gr. 383 | D10: m² | J10: DRUK SITO (folia, papier) [≠0,2] | K10: KASZEROWANY | L10: TEKTURA FAL. [3W, 5W] | N10: T. FALA [E] | Q10: Papier, Folia | R10: TEKTURA / PAPIER / FOLIA | AG10: =Tabela1[[#This Row],[Indeks]] -> POTF2WSZ
A11: POTF5W2BI-EB | B11: Fala EB dwust.bi | C11: gr.730 | D11: m² | J11: DRUK SITO (folia, papier) [≠0,2] | K11: KASZEROWANY | L11: TEKTURA FAL. [3W, 5W] | N11: T. FALA [EB] | Q11: Papier, Folia | R11: TEKTURA / PAPIER / FOLIA | AG11: =Tabela1[[#This Row],[Indeks]] -> POTF5W2BI-EB
A12: POTF5WBI-EB | B12: Fala EB jedn.bi | C12: gr.730 | D12: m² | J12: DRUK SITO (folia, papier) [≠0,2] | K12: KASZEROWANY | L12: TEKTURA FAL. [3W, 5W] | N12: T. FALA [EB] | Q12: Papier, Folia | R12: TEKTURA / PAPIER / FOLIA | AG12: =Tabela1[[#This Row],[Indeks]] -> POTF5WBI-EB
A13: POTF5WSZ-EB | B13: Fala EB szara | C13: gr.616 | D13: m² | J13: DRUK SITO (folia, papier) [≠0,2] | K13: KASZEROWANY | L13: TEKTURA FAL. [3W, 5W] | N13: T. FALA [EB] | Q13: Papier, Folia | R13: TEKTURA / PAPIER / FOLIA | AG13: =Tabela1[[#This Row],[Indeks]] -> POTF5WSZ-EB
A14: POTF5WSZ-BC | B14: Fala BC szara | C14: gr. 1010 | D14: m² | J14: DRUK SITO (folia, papier) [≠0,2] | K14: KASZEROWANY | L14: TEKTURA FAL. [3W, 5W] | Q14: Papier, Folia | R14: TEKTURA / PAPIER / FOLIA | AG14: =Tabela1[[#This Row],[Indeks]] -> POTF5WSZ-BC
A15: Folia AVERY 4500 translucent | B15: Folia AVERY 4500 translucent | D15: m² | Q15: Papier, Folia | AG15: =Tabela1[[#This Row],[Indeks]] -> Folia AVERY 4500 translucent
A16: Folia AVERY 500 biała i czarna ( ekonimiczna) | B16: Folia AVERY 500 biała i czarna ( ekonimiczna) | D16: m² | Q16: Papier, Folia | AG16: =Tabela1[[#This Row],[Indeks]] -> Folia AVERY 500 biała i czarna ( ekonimiczna)
A17: Folia AVERY 500 kolory ( ekonomiczna) | B17: Folia AVERY 500 kolory ( ekonomiczna) | D17: m² | Q17: Papier, Folia | AG17: =Tabela1[[#This Row],[Indeks]] -> Folia AVERY 500 kolory ( ekonomiczna)
A18: PŁVKBBF-1,0X0,7 | B18: Folia G-PET b/b p/p 1,0x700 | D18: kg | E18: VIVAK/PET/TUPET/AXPET | H18: Tupet, vivak, pcv | M18: PET | O18: VIVAK / PET itp. | P18: VIVAK / PET | S18: TUPET /PET / AXPET | T18: PET/VIVAK | U18: 1 | Y18: rolka | AG18: =Tabela1[[#This Row],[Indeks]] -> PŁVKBBF-1,0X0,7
A19: PODDFOBB-1,0X1,4 | B19: Folia sito b/b błysk 1000x1400 | D19: ark | I19: DRUK OFF SET [≠0,2] | J19: DRUK SITO (folia, papier) [≠0,2] | Q19: Papier, Folia | U19: 0.2 | AG19: =Tabela1[[#This Row],[Indeks]] -> PODDFOBB-1,0X1,4
A20: PODDFOBB-0,7X1,0 | B20: Folia sito b/b błysk 700x1000 | D20: ark | I20: DRUK OFF SET [≠0,2] | J20: DRUK SITO (folia, papier) [≠0,2] | Q20: Papier, Folia | U20: 0.2 | AG20: =Tabela1[[#This Row],[Indeks]] -> PODDFOBB-0,7X1,0
A21: PODDFOBP-1,0X1,4 | B21: Folia sito biała błysk 1000x1400 | D21: ark | I21: DRUK OFF SET [≠0,2] | J21: DRUK SITO (folia, papier) [≠0,2] | Q21: Papier, Folia | U21: 0.2 | AG21: =Tabela1[[#This Row],[Indeks]] -> PODDFOBP-1,0X1,4
A22: PODDFOBP-0,7X1,0 | B22: Folia sito biała błysk 700x1000 | D22: ark | I22: DRUK OFF SET [≠0,2] | J22: DRUK SITO (folia, papier) [≠0,2] | Q22: Papier, Folia | U22: 0.2 | AG22: =Tabela1[[#This Row],[Indeks]] -> PODDFOBP-0,7X1,0
A23: POMDFODD-1,05X50-P | B23: Folia solvent. Profiflex Pro poł 1,05x50 | D23: m² | F23: Papier, Folia | U23: 1 | AG23: =Tabela1[[#This Row],[Indeks]] -> POMDFODD-1,05X50-P
A24: POFODDTR-1,05X50 | B24: Folia transportowa 1,0x50 | D24: m² | U24: 1 | AG24: =Tabela1[[#This Row],[Indeks]] -> POFODDTR-1,05X50
A25: DRHL-B1-3-1 | B25: HDF 3mm biała | D25: szt | H25: HDF lam. | Q25: Drewno | U25: 3 | AG25: =Tabela1[[#This Row],[Indeks]] -> DRHL-B1-3-1
A26: DRHL-CA-3-1 | B26: HDF 3mm czarna | D26: szt | H26: HDF lam. | Q26: Drewno | U26: 3 | AG26: =Tabela1[[#This Row],[Indeks]] -> DRHL-CA-3-1
A27: DRHL-DR… | B27: HDF 3mm drewnopodobna | D27: szt | H27: HDF lam. | Q27: Drewno | U27: 3 | AG27: =Tabela1[[#This Row],[Indeks]] -> DRHL-DR…
A28: DRHS-3-1 | B28: HDF 3mm surowa | D28: szt | H28: HDF sur. | Q28: Drewno | U28: 3 | AG28: =Tabela1[[#This Row],[Indeks]] -> DRHS-3-1
A29: POMATEKA-230-700-1000 | B29: Karton Alaska 230g 700x1000 | D29: szt | I29: DRUK OFF SET [≠0,5] GRUBA ALASKA | K29: KASZEROWANY | Q29: Papier, Folia | U29: 0.5 | AG29: =Tabela1[[#This Row],[Indeks]] -> POMATEKA-230-700-1000
A30: POMATEKA-1000-1400-23 | B30: Karton GD2 gr 230 1000x1400 | D30: szt | I30: DRUK OFF SET [≠0,5] GRUBA ALASKA | K30: KASZEROWANY | Q30: Papier, Folia | U30: 0.5 | AG30: =Tabela1[[#This Row],[Indeks]] -> POMATEKA-1000-1400-23
A31: DRHL-B-6-1 | B31: HDF 6m biała Alaska 8681SM | D31: szt | H31: HDF lam. | Q31: Drewno | U31: 6 | AG31: =Tabela1[[#This Row],[Indeks]] -> DRHL-B-6-1
A32: DRHL-C-6-1 | B32: HDF 6mm czarna U190 PE | D32: szt | H32: HDF lam. | Q32: Drewno | U32: 6 | AG32: =Tabela1[[#This Row],[Indeks]] -> DRHL-C-6-1
A33: DRML-1BIG-16-1 | B33: MDF lam. 1 str. 16x2070x2800 mm | C33: K110SM | D33: szt | H33: Płyta wiórowa, MDF lam. | Q33: Drewno | U33: 16 | AG33: =Tabela1[[#This Row],[Indeks]] -> DRML-1BIG-16-1
A34: DRML-1BIG-18-1 | B34: MDF lam. 1 str. 18x2070x2800 mm | C34: K110SM | D34: szt | H34: Płyta wiórowa, MDF lam. | Q34: Drewno | U34: 19 | AG34: =Tabela1[[#This Row],[Indeks]] -> DRML-1BIG-18-1
A35: DRML-1BIG-19-1 | B35: MDF lam. 1 str. 19x2070x2800 mm | C35: K110SM | D35: szt | H35: Płyta wiórowa, MDF lam. | Q35: Drewno | U35: 19 | AG35: =Tabela1[[#This Row],[Indeks]] -> DRML-1BIG-19-1
A36: DRML-BIG-16-1 | B36: MDF lam. 2 str. 16x2070x2800 mm | C36: K110SM | D36: szt | H36: Płyta wiórowa, MDF lam. | Q36: Drewno | U36: 16 | AG36: =Tabela1[[#This Row],[Indeks]] -> DRML-BIG-16-1
A37: DRML-BIG-18-1 | B37: MDF lam. 2 str. 18x2070x2800 mm | C37: K110SM | D37: szt | H37: Płyta wiórowa, MDF lam. | Q37: Drewno | U37: 18 | AG37: =Tabela1[[#This Row],[Indeks]] -> DRML-BIG-18-1
A38: DRML-BIG-19-1 | B38: MDF lam. 2 str. 19x2070x2800 mm | C38: K110SM | D38: szt | H38: Płyta wiórowa, MDF lam. | Q38: Drewno | U38: 19 | AG38: =Tabela1[[#This Row],[Indeks]] -> DRML-BIG-19-1
A39: DRMS-10-1 | B39: MDF surowa 10x2070x2800 mm | D39: szt | H39: Płyta wiórowa, MDF sur. | Q39: Drewno | U39: 10 | AG39: =Tabela1[[#This Row],[Indeks]] -> DRMS-10-1
A40: DRMS-12-1 | B40: MDF surowa 12x2070x2800 mm | D40: szt | H40: Płyta wiórowa, MDF sur. | Q40: Drewno | U40: 12 | AG40: =Tabela1[[#This Row],[Indeks]] -> DRMS-12-1
A41: DRMS-16-1 | B41: MDF surowa 16x2070x2800 mm | D41: szt | H41: Płyta wiórowa, MDF sur. | Q41: Drewno | U41: 16 | AG41: =Tabela1[[#This Row],[Indeks]] -> DRMS-16-1
A42: DRMS-18-1 | B42: MDF surowa 18x2070x2800 mm | D42: szt | H42: Płyta wiórowa, MDF sur. | Q42: Drewno | U42: 18 | AG42: =Tabela1[[#This Row],[Indeks]] -> DRMS-18-1
A43: DRMS-19-1 | B43: MDF surowa 19x2070x2800 mm | D43: szt | H43: Płyta wiórowa, MDF sur. | Q43: Drewno | U43: 19 | AG43: =Tabela1[[#This Row],[Indeks]] -> DRMS-19-1
A44: DRMS-22-1 | B44: MDF surowa 22x2070x2800 mm | D44: szt | H44: Płyta wiórowa, MDF sur. | Q44: Drewno | U44: 22 | AG44: =Tabela1[[#This Row],[Indeks]] -> DRMS-22-1
A45: DRMS-25-1 | B45: MDF surowa 25x2070x2800 mm | D45: szt | H45: Płyta wiórowa, MDF sur. | Q45: Drewno | U45: 25 | AG45: =Tabela1[[#This Row],[Indeks]] -> DRMS-25-1
A46: DRMS-28-1 | B46: MDF surowa 28x2070x2800 mm | D46: szt | H46: Płyta wiórowa, MDF sur. | Q46: Drewno | U46: 28 | AG46: =Tabela1[[#This Row],[Indeks]] -> DRMS-28-1
A47: DRMS-30-1 | B47: MDF surowa 30x2070x2800 mm | D47: szt | H47: Płyta wiórowa, MDF sur. | Q47: Drewno | U47: 30 | AG47: =Tabela1[[#This Row],[Indeks]] -> DRMS-30-1
A48: DRMS-32-1 | B48: MDF surowa 32x2070x2800 mm | D48: szt | H48: Płyta wiórowa, MDF sur. | Q48: Drewno | U48: 32 | AG48: =Tabela1[[#This Row],[Indeks]] -> DRMS-32-1
A49: DRMS-38-1 | B49: MDF surowa 38x2070x2800 mm | D49: szt | H49: Płyta wiórowa, MDF sur. | Q49: Drewno | U49: 38 | AG49: =Tabela1[[#This Row],[Indeks]] -> DRMS-38-1
A50: DRMS-06-1 | B50: MDF surowa 6x2070x2800 mm | D50: szt | H50: Płyta wiórowa, MDF sur. | Q50: Drewno | U50: 6 | AG50: =Tabela1[[#This Row],[Indeks]] -> DRMS-06-1
A51: DRMS-08-1 | B51: MDF surowa 8x2070x2800 mm | D51: szt | H51: Płyta wiórowa, MDF sur. | Q51: Drewno | U51: 8 | AG51: =Tabela1[[#This Row],[Indeks]] -> DRMS-08-1
A52: PŁAXBB-1,01,25X2,05 | B52: Płyta AXPET b/b 1250x2050 ≠1 | D52: m² | E52: VIVAK/PET/TUPET/AXPET | H52: Tupet, vivak, pcv | J52: HIPS Z DRUKIEM LUB LUSTRO | K52: KASZEROWANY | L52: TUPET /PET / AXPET | M52: PET | N52: Tworzywo | O52: VIVAK / PET itp. | P52: VIVAK / PET | Q52: inne | R52: Tworzywo | S52: TUPET /PET / AXPET | T52: AXPET | U52: 1 | AG52: =Tabela1[[#This Row],[Indeks]] -> PŁAXBB-1,01,25X2,05
A53: PŁAXBB-1,51,25X2,05 | B53: Płyta AXPET b/b 1250x2050 ≠1,5 | D53: m² | E53: VIVAK/PET/TUPET/AXPET | H53: Tupet, vivak, pcv | J53: HIPS Z DRUKIEM LUB LUSTRO | K53: KASZEROWANY | L53: TUPET /PET / AXPET | M53: PET | N53: Tworzywo | O53: VIVAK / PET itp. | P53: VIVAK / PET | Q53: inne | R53: Tworzywo | S53: TUPET /PET / AXPET | T53: AXPET | U53: 1.5 | AG53: =Tabela1[[#This Row],[Indeks]] -> PŁAXBB-1,51,25X2,05
A54: PŁAXBB-1,02,05X3,05 | B54: Płyta AXPET b/b 2050x3050 ≠1 | D54: m² | E54: VIVAK/PET/TUPET/AXPET | H54: Tupet, vivak, pcv | J54: HIPS Z DRUKIEM LUB LUSTRO | K54: KASZEROWANY | L54: TUPET /PET / AXPET | M54: PET | N54: Tworzywo | O54: VIVAK / PET itp. | P54: VIVAK / PET | Q54: inne | R54: Tworzywo | S54: TUPET /PET / AXPET | T54: AXPET | U54: 1 | AG54: =Tabela1[[#This Row],[Indeks]] -> PŁAXBB-1,02,05X3,05
A55: PŁAXBB-1,52,05X3,05 | B55: Płyta AXPET b/b 2050x3050 ≠1,5 | D55: m² | E55: VIVAK/PET/TUPET/AXPET | H55: Tupet, vivak, pcv | J55: HIPS Z DRUKIEM LUB LUSTRO | K55: KASZEROWANY | L55: TUPET /PET / AXPET | M55: PET | N55: Tworzywo | O55: VIVAK / PET itp. | P55: VIVAK / PET | Q55: inne | R55: Tworzywo | S55: TUPET /PET / AXPET | T55: AXPET | U55: 1.5 | AG55: =Tabela1[[#This Row],[Indeks]] -> PŁAXBB-1,52,05X3,05
A56: PŁAXBB-2,02,05X3,05 | B56: Płyta AXPET b/b 2050x3050 ≠2 | D56: m² | E56: VIVAK/PET/TUPET/AXPET | H56: Tupet, vivak, pcv | J56: HIPS Z DRUKIEM LUB LUSTRO | K56: KASZEROWANY | L56: TUPET /PET / AXPET | M56: PET | N56: Tworzywo | O56: VIVAK / PET itp. | P56: VIVAK / PET | Q56: inne | R56: Tworzywo | S56: TUPET /PET / AXPET | T56: AXPET | U56: 2 | AG56: =Tabela1[[#This Row],[Indeks]] -> PŁAXBB-2,02,05X3,05
A57: PŁAXBB-3,02,05X3,05 | B57: Płyta AXPET b/b 2050x3050 ≠3 | D57: m² | E57: VIVAK/PET/TUPET/AXPET | H57: Tupet, vivak, pcv | J57: HIPS Z DRUKIEM LUB LUSTRO | K57: KASZEROWANY | L57: TUPET /PET / AXPET | M57: PET | N57: Tworzywo | O57: VIVAK / PET itp. | P57: VIVAK / PET | Q57: inne | S57: TUPET /PET / AXPET | T57: AXPET | U57: 3 | AG57: =Tabela1[[#This Row],[Indeks]] -> PŁAXBB-3,02,05X3,05
A58: PŁAXOP-1,02,05X3,05 | B58: Płyta AXPET opal 2050x3050 ≠1 | D58: m² | E58: VIVAK/PET/TUPET/AXPET | H58: Tupet, vivak, pcv | J58: HIPS Z DRUKIEM LUB LUSTRO | K58: KASZEROWANY | L58: TUPET /PET / AXPET | M58: PET | N58: Tworzywo | O58: VIVAK / PET itp. | P58: VIVAK / PET | Q58: inne | R58: Tworzywo | S58: TUPET /PET / AXPET | T58: AXPET | U58: 1 | AG58: =Tabela1[[#This Row],[Indeks]] -> PŁAXOP-1,02,05X3,05
A59: PŁAXOP-1,52,05X3,05 | B59: Płyta AXPET opal 2050x3050 ≠1,5 | D59: m² | E59: VIVAK/PET/TUPET/AXPET | H59: Tupet, vivak, pcv | J59: HIPS Z DRUKIEM LUB LUSTRO | K59: KASZEROWANY | L59: TUPET /PET / AXPET | M59: PET | N59: Tworzywo | O59: VIVAK / PET itp. | P59: VIVAK / PET | Q59: inne | R59: Tworzywo | S59: TUPET /PET / AXPET | T59: AXPET | U59: 1.5 | AG59: =Tabela1[[#This Row],[Indeks]] -> PŁAXOP-1,52,05X3,05
A60: PŁPIFS-5,01,22x3,05 | B60: Płyta FOREX SMART biała 1220x3050 ≠5 | D60: m² | L60: FOREX | N60: Tworzywo | U60: 5 | AG60: =Tabela1[[#This Row],[Indeks]] -> PŁPIFS-5,01,22x3,05
A61: PŁPIFS-10,01,22x3,05 | B61: Płyta FOREX SMART biała 1220x3050 ≠10 | D61: m² | N61: Tworzywo | U61: 10 | AG61: =Tabela1[[#This Row],[Indeks]] -> PŁPIFS-10,01,22x3,05
A62: PŁHIBM-0,251,0X2,0 | B62: Płyta HIPS biała m/m 1000x2000 ≠0,2 | D62: m² | E62: HIPS | H62: Hips | I62: HIPS Z DRUKIEM LUB LUSTRO | J62: HIPS Z DRUKIEM LUB LUSTRO | K62: KASZEROWANY | L62: HIPS | M62: HIPS | N62: Tworzywo | O62: HIPS | P62: HIPS | Q62: inne | R62: Tworzywo | S62: HIPS / ABS | T62: HIPS | U62: 0.2 | AG62: =Tabela1[[#This Row],[Indeks]] -> PŁHIBM-0,251,0X2,0
A63: PŁHIBM-0,51,0X2,0 | B63: Płyta HIPS biała m/m 1000x2000 ≠0,5 | D63: m² | E63: HIPS | H63: Hips | I63: HIPS Z DRUKIEM LUB LUSTRO | J63: HIPS Z DRUKIEM LUB LUSTRO | K63: KASZEROWANY | L63: HIPS | M63: HIPS | N63: Tworzywo | O63: HIPS | P63: HIPS | Q63: inne | R63: Tworzywo | S63: HIPS / ABS | T63: HIPS | U63: 0.5 | AG63: =Tabela1[[#This Row],[Indeks]] -> PŁHIBM-0,51,0X2,0
A64: PŁHIBM-0,751,0X2,0 | B64: Płyta HIPS biała m/m 1000x2000 ≠0,8 | D64: m² | E64: HIPS | H64: Hips | I64: HIPS Z DRUKIEM LUB LUSTRO | J64: HIPS Z DRUKIEM LUB LUSTRO | K64: KASZEROWANY | L64: HIPS | M64: HIPS | N64: Tworzywo | O64: HIPS | P64: HIPS | Q64: inne | R64: Tworzywo | S64: HIPS / ABS | T64: HIPS | U64: 0.8 | AG64: =Tabela1[[#This Row],[Indeks]] -> PŁHIBM-0,751,0X2,0
A65: PŁHIBM-1,01,0X2,0 | B65: Płyta HIPS biała m/m 1000x2000 ≠1 | D65: m² | E65: HIPS | H65: Hips | I65: HIPS Z DRUKIEM LUB LUSTRO | J65: HIPS Z DRUKIEM LUB LUSTRO | K65: KASZEROWANY | L65: HIPS | M65: HIPS | N65: Tworzywo | O65: HIPS | P65: HIPS | Q65: inne | R65: Tworzywo | S65: HIPS / ABS | T65: HIPS | U65: 1 | AG65: =Tabela1[[#This Row],[Indeks]] -> PŁHIBM-1,01,0X2,0
A66: PŁHIBM-1,51,0X2,0 | B66: Płyta HIPS biała m/m 1000x2000 ≠1,5 | D66: m² | E66: HIPS | H66: Hips | I66: HIPS Z DRUKIEM LUB LUSTRO | J66: HIPS Z DRUKIEM LUB LUSTRO | K66: KASZEROWANY | L66: HIPS | M66: HIPS | N66: Tworzywo | O66: HIPS | P66: HIPS | Q66: inne | R66: Tworzywo | S66: HIPS / ABS | T66: HIPS | U66: 1.5 | AG66: =Tabela1[[#This Row],[Indeks]] -> PŁHIBM-1,51,0X2,0
A67: PŁHIBM-2,01,0X2,0 | B67: Płyta HIPS biała m/m 1000x2000 ≠2 | D67: m² | E67: HIPS | H67: Hips | I67: HIPS Z DRUKIEM LUB LUSTRO | J67: HIPS Z DRUKIEM LUB LUSTRO | K67: KASZEROWANY | L67: HIPS | M67: HIPS | N67: Tworzywo | O67: HIPS | P67: HIPS | Q67: inne | R67: Tworzywo | S67: HIPS / ABS | T67: HIPS | U67: 2 | AG67: =Tabela1[[#This Row],[Indeks]] -> PŁHIBM-2,01,0X2,0
A68: PŁHIBM-3,01,0X2,0 | B68: Płyta HIPS biała m/m 1000x2000 ≠3 | D68: m² | E68: HIPS | H68: Hips | I68: HIPS Z DRUKIEM LUB LUSTRO | J68: HIPS Z DRUKIEM LUB LUSTRO | K68: KASZEROWANY | L68: HIPS | M68: HIPS | N68: Tworzywo | O68: HIPS | P68: HIPS | Q68: inne | S68: HIPS / ABS | T68: HIPS | U68: 3 | AG68: =Tabela1[[#This Row],[Indeks]] -> PŁHIBM-3,01,0X2,0
A69: PŁHIBP-1,01,0X2,0 | B69: Płyta HIPS biała m/p 1000x2000 ≠1 | D69: m² | E69: HIPS | H69: Hips | I69: HIPS Z DRUKIEM LUB LUSTRO | J69: HIPS Z DRUKIEM LUB LUSTRO | K69: KASZEROWANY | L69: HIPS | M69: HIPS | N69: Tworzywo | O69: HIPS | P69: HIPS | Q69: inne | R69: Tworzywo | S69: HIPS / ABS | T69: HIPS | U69: 1 | AG69: =Tabela1[[#This Row],[Indeks]] -> PŁHIBP-1,01,0X2,0
A70: PŁHIBP-1,51,0X2,0 | B70: Płyta HIPS biała m/p 1000x2000 ≠1,5 | D70: m² | E70: HIPS | H70: Hips | I70: HIPS Z DRUKIEM LUB LUSTRO | J70: HIPS Z DRUKIEM LUB LUSTRO | K70: KASZEROWANY | L70: HIPS | M70: HIPS | N70: Tworzywo | O70: HIPS | P70: HIPS | Q70: inne | R70: Tworzywo | S70: HIPS / ABS | T70: HIPS | U70: 1.5 | AG70: =Tabela1[[#This Row],[Indeks]] -> PŁHIBP-1,51,0X2,0
A71: PŁHIBP-2,01,0X2,0 | B71: Płyta HIPS biała m/p 1000x2000 ≠2 | D71: m² | E71: HIPS | H71: Hips | I71: HIPS Z DRUKIEM LUB LUSTRO | J71: HIPS Z DRUKIEM LUB LUSTRO | K71: KASZEROWANY | L71: HIPS | M71: HIPS | N71: Tworzywo | O71: HIPS | P71: HIPS | Q71: inne | R71: Tworzywo | S71: HIPS / ABS | T71: HIPS | U71: 2 | AG71: =Tabela1[[#This Row],[Indeks]] -> PŁHIBP-2,01,0X2,0
A72: PŁHIBP-3,01,0X2,0 | B72: Płyta HIPS biała m/p 1000x2000 ≠3 | D72: m² | E72: HIPS | H72: Hips | I72: HIPS Z DRUKIEM LUB LUSTRO | J72: HIPS Z DRUKIEM LUB LUSTRO | K72: KASZEROWANY | L72: HIPS | M72: HIPS | N72: Tworzywo | O72: HIPS | P72: HIPS | Q72: inne | S72: HIPS / ABS | T72: HIPS | U72: 3 | AG72: =Tabela1[[#This Row],[Indeks]] -> PŁHIBP-3,01,0X2,0
A73: PŁHIBP-4,01,0X2,0 | B73: Płyta HIPS biała m/p 1000x2000 ≠4 | D73: m² | E73: HIPS | H73: Hips | I73: HIPS Z DRUKIEM LUB LUSTRO | J73: HIPS Z DRUKIEM LUB LUSTRO | K73: KASZEROWANY | L73: HIPS | M73: HIPS | N73: Tworzywo | O73: HIPS | P73: HIPS | Q73: inne | S73: HIPS / ABS | T73: HIPS | U73: 4 | AG73: =Tabela1[[#This Row],[Indeks]] -> PŁHIBP-4,01,0X2,0
A74: PŁHICA-1,01,0x2,0 | B74: Płyta HIPS czarna m/p 1000x2000 ≠1 | D74: m² | E74: HIPS | H74: Hips | I74: HIPS Z DRUKIEM LUB LUSTRO | J74: HIPS Z DRUKIEM LUB LUSTRO | K74: KASZEROWANY | L74: HIPS | M74: HIPS | N74: Tworzywo | O74: HIPS | P74: HIPS | Q74: inne | R74: Tworzywo | S74: HIPS / ABS | T74: HIPS | U74: 1 | AG74: =Tabela1[[#This Row],[Indeks]] -> PŁHICA-1,01,0x2,0
A75: PŁHICA-1,51,0x2,0 | B75: Płyta HIPS czarna m/p 1000x2000 ≠1,5 | D75: m² | E75: HIPS | H75: Hips | I75: HIPS Z DRUKIEM LUB LUSTRO | J75: HIPS Z DRUKIEM LUB LUSTRO | K75: KASZEROWANY | L75: HIPS | M75: HIPS | N75: Tworzywo | O75: HIPS | P75: HIPS | Q75: inne | R75: Tworzywo | S75: HIPS / ABS | T75: HIPS | U75: 1.5 | AG75: =Tabela1[[#This Row],[Indeks]] -> PŁHICA-1,51,0x2,0
A76: PŁHICA-2,01,0x2,0 | B76: Płyta HIPS czarna m/p 1000x2000 ≠2 | D76: m² | E76: HIPS | H76: Hips | I76: HIPS Z DRUKIEM LUB LUSTRO | J76: HIPS Z DRUKIEM LUB LUSTRO | K76: KASZEROWANY | L76: HIPS | M76: HIPS | N76: Tworzywo | O76: HIPS | P76: HIPS | Q76: inne | R76: Tworzywo | S76: HIPS / ABS | T76: HIPS | U76: 2 | AG76: =Tabela1[[#This Row],[Indeks]] -> PŁHICA-2,01,0x2,0
A77: PŁHICA-3,01,0x2,0 | B77: Płyta HIPS czarna m/p 1000x2000 ≠3 | D77: m² | E77: HIPS | H77: Hips | I77: HIPS Z DRUKIEM LUB LUSTRO | J77: HIPS Z DRUKIEM LUB LUSTRO | K77: KASZEROWANY | L77: HIPS | M77: HIPS | N77: Tworzywo | O77: HIPS | P77: HIPS | Q77: inne | S77: HIPS / ABS | T77: HIPS | U77: 3 | AG77: =Tabela1[[#This Row],[Indeks]] -> PŁHICA-3,01,0x2,0
A78: PŁHICZ-2,01,0x2,0 | B78: Płyta HIPS czerwona m/p 1000x2000 ≠2 | D78: m² | E78: HIPS | H78: Hips | I78: HIPS Z DRUKIEM LUB LUSTRO | J78: HIPS Z DRUKIEM LUB LUSTRO | K78: KASZEROWANY | L78: HIPS | M78: HIPS | N78: Tworzywo | O78: HIPS | P78: HIPS | Q78: inne | R78: Tworzywo | S78: HIPS / ABS | T78: HIPS | U78: 2 | AG78: =Tabela1[[#This Row],[Indeks]] -> PŁHICZ-2,01,0x2,0
A79: PŁHILS-1,01,0X2,0 | B79: Płyta HIPS lustro srebrne 1000x2000 ≠1 | D79: m² | E79: HIPS | H79: Hips | I79: HIPS Z DRUKIEM LUB LUSTRO | J79: HIPS Z DRUKIEM LUB LUSTRO | K79: KASZEROWANY | L79: HIPS Z DRUKIEM LUB LUSTRO | M79: HIPS | N79: Tworzywo | O79: HIPS | P79: HIPS | Q79: inne | R79: Tworzywo | S79: HIPS / ABS | T79: HIPS | U79: 1 | AG79: =Tabela1[[#This Row],[Indeks]] -> PŁHILS-1,01,0X2,0
A80: PŁHILS-1,51,0X2,0 | B80: Płyta HIPS lustro srebrne 1000x2000 ≠1,5 | D80: m² | E80: HIPS | H80: Hips | I80: HIPS Z DRUKIEM LUB LUSTRO | J80: HIPS Z DRUKIEM LUB LUSTRO | K80: KASZEROWANY | L80: HIPS Z DRUKIEM LUB LUSTRO | M80: HIPS | N80: Tworzywo | O80: HIPS | P80: HIPS | Q80: inne | R80: Tworzywo | S80: HIPS / ABS | T80: HIPS | U80: 1.5 | AG80: =Tabela1[[#This Row],[Indeks]] -> PŁHILS-1,51,0X2,0
A81: PŁHILS-2,01,0X2,0 | B81: Płyta HIPS lustro srebrne 1000x2000 ≠2 | D81: m² | E81: HIPS | H81: Hips | I81: HIPS Z DRUKIEM LUB LUSTRO | J81: HIPS Z DRUKIEM LUB LUSTRO | K81: KASZEROWANY | L81: HIPS Z DRUKIEM LUB LUSTRO | M81: HIPS | N81: Tworzywo | O81: HIPS | P81: HIPS | Q81: inne | R81: Tworzywo | S81: HIPS / ABS | T81: HIPS | U81: 2 | AG81: =Tabela1[[#This Row],[Indeks]] -> PŁHILS-2,01,0X2,0
A82: PŁHINI-2,01,0x2,0 | B82: Płyta HIPS niebieska m/p 1000x2000 ≠2 | D82: m² | E82: HIPS | H82: Hips | I82: HIPS Z DRUKIEM LUB LUSTRO | J82: HIPS Z DRUKIEM LUB LUSTRO | K82: KASZEROWANY | L82: HIPS Z DRUKIEM LUB LUSTRO | M82: HIPS | N82: Tworzywo | O82: HIPS | P82: HIPS | Q82: inne | R82: Tworzywo | S82: HIPS / ABS | T82: HIPS | U82: 2 | AG82: =Tabela1[[#This Row],[Indeks]] -> PŁHINI-2,01,0x2,0
A83: PŁHIOP-1,01,0X2,0 | B83: Płyta HIPS opal m/m 1000x2000 ≠1 | D83: m² | E83: HIPS | H83: Hips | I83: HIPS Z DRUKIEM LUB LUSTRO | J83: HIPS Z DRUKIEM LUB LUSTRO | K83: KASZEROWANY | L83: HIPS Z DRUKIEM LUB LUSTRO | M83: HIPS | N83: Tworzywo | O83: HIPS | P83: HIPS | Q83: inne | R83: Tworzywo | S83: HIPS / ABS | T83: HIPS | U83: 1 | AG83: =Tabela1[[#This Row],[Indeks]] -> PŁHIOP-1,01,0X2,0
A84: PŁHIOP-1,51,0X2,0 | B84: Płyta HIPS opal m/m 1000x2000 ≠1,5 | D84: m² | E84: HIPS | H84: Hips | I84: HIPS Z DRUKIEM LUB LUSTRO | J84: HIPS Z DRUKIEM LUB LUSTRO | K84: KASZEROWANY | L84: HIPS Z DRUKIEM LUB LUSTRO | M84: HIPS | N84: Tworzywo | O84: HIPS | P84: HIPS | Q84: inne | R84: Tworzywo | S84: HIPS / ABS | T84: HIPS | U84: 1.5 | AG84: =Tabela1[[#This Row],[Indeks]] -> PŁHIOP-1,51,0X2,0
A85: PŁHIOP-2,01,0X2,0 | B85: Płyta HIPS opal m/m 1000x2000 ≠2 | D85: m² | E85: HIPS | H85: Hips | I85: HIPS Z DRUKIEM LUB LUSTRO | J85: HIPS Z DRUKIEM LUB LUSTRO | K85: KASZEROWANY | L85: HIPS Z DRUKIEM LUB LUSTRO | M85: HIPS | N85: Tworzywo | O85: HIPS | P85: HIPS | Q85: inne | R85: Tworzywo | S85: HIPS / ABS | T85: HIPS | U85: 2 | AG85: =Tabela1[[#This Row],[Indeks]] -> PŁHIOP-2,01,0X2,0
A86: PŁHISM-1,01,0X2,0 | B86: Płyta HIPS srebrna met. 1000x2000 ≠1 | D86: m² | E86: HIPS | H86: Hips | I86: HIPS Z DRUKIEM LUB LUSTRO | J86: HIPS Z DRUKIEM LUB LUSTRO | K86: KASZEROWANY | L86: HIPS Z DRUKIEM LUB LUSTRO | M86: HIPS | N86: Tworzywo | O86: HIPS | P86: HIPS | Q86: inne | R86: Tworzywo | S86: HIPS / ABS | T86: HIPS | U86: 1 | AG86: =Tabela1[[#This Row],[Indeks]] -> PŁHISM-1,01,0X2,0
A87: PŁHISM-1,51,0X2,0 | B87: Płyta HIPS srebrna met. 1000x2000 ≠1,5 | D87: m² | E87: HIPS | H87: Hips | I87: HIPS Z DRUKIEM LUB LUSTRO | J87: HIPS Z DRUKIEM LUB LUSTRO | K87: KASZEROWANY | L87: HIPS Z DRUKIEM LUB LUSTRO | M87: HIPS | N87: Tworzywo | O87: HIPS | P87: HIPS | Q87: inne | R87: Tworzywo | S87: HIPS / ABS | T87: HIPS | U87: 1.5 | AG87: =Tabela1[[#This Row],[Indeks]] -> PŁHISM-1,51,0X2,0
A88: PŁHISM-2,01,0X2,0 | B88: Płyta HIPS srebrna met. 1000x2000 ≠2 | D88: m² | E88: HIPS | H88: Hips | I88: HIPS Z DRUKIEM LUB LUSTRO | J88: HIPS Z DRUKIEM LUB LUSTRO | K88: KASZEROWANY | L88: HIPS Z DRUKIEM LUB LUSTRO | M88: HIPS | N88: Tworzywo | O88: HIPS | P88: HIPS | Q88: inne | R88: Tworzywo | S88: HIPS / ABS | T88: HIPS | U88: 2 | AG88: =Tabela1[[#This Row],[Indeks]] -> PŁHISM-2,01,0X2,0
A89: PŁHISM-3,01,0X2,0 | B89: Płyta HIPS srebrna met. 1000x2000 ≠3 | D89: m² | E89: HIPS | H89: Hips | I89: HIPS Z DRUKIEM LUB LUSTRO | J89: HIPS Z DRUKIEM LUB LUSTRO | K89: KASZEROWANY | L89: HIPS Z DRUKIEM LUB LUSTRO | M89: HIPS | N89: Tworzywo | O89: HIPS | P89: HIPS | Q89: inne | S89: HIPS / ABS | T89: HIPS | U89: 3 | AG89: =Tabela1[[#This Row],[Indeks]] -> PŁHISM-3,01,0X2,0
A90: PŁHIZI-2,01,0x2,0 | B90: Płyta HIPS zielona m/p 1000x2000 ≠2 | D90: m² | E90: HIPS | H90: Hips | I90: HIPS Z DRUKIEM LUB LUSTRO | J90: HIPS Z DRUKIEM LUB LUSTRO | K90: KASZEROWANY | L90: HIPS Z DRUKIEM LUB LUSTRO | M90: HIPS | N90: Tworzywo | O90: HIPS | P90: HIPS | Q90: inne | R90: Tworzywo | S90: HIPS / ABS | T90: HIPS | U90: 2 | AG90: =Tabela1[[#This Row],[Indeks]] -> PŁHIZI-2,01,0x2,0
A91: PŁHIŻÓ-2,01,0x2,0 | B91: Płyta HIPS żółta m/p 1000x2000 ≠2 | D91: m² | E91: HIPS | H91: Hips | I91: HIPS Z DRUKIEM LUB LUSTRO | J91: HIPS Z DRUKIEM LUB LUSTRO | K91: KASZEROWANY | L91: HIPS Z DRUKIEM LUB LUSTRO | M91: HIPS | N91: Tworzywo | O91: HIPS | P91: HIPS | Q91: inne | R91: Tworzywo | S91: HIPS / ABS | T91: HIPS | U91: 2 | AG91: =Tabela1[[#This Row],[Indeks]] -> PŁHIŻÓ-2,01,0x2,0
A92: DRWL-BIG-10-1 | B92: Płyta lam. biała gł. 10x2070x2800 mm | C92: K110SM | D92: szt | H92: Płyta wiórowa, MDF lam. | P92: PŁYTA OSB, MDF, WIÓROWA | Q92: Drewno | U92: 10 | AG92: =Tabela1[[#This Row],[Indeks]] -> DRWL-BIG-10-1
A93: DRWL-BIG-12-1 | B93: Płyta lam. biała gł. 12x2070x2800 mm | C93: K110SM | D93: szt | H93: Płyta wiórowa, MDF lam. | P93: PŁYTA OSB, MDF, WIÓROWA | Q93: Drewno | U93: 12 | AG93: =Tabela1[[#This Row],[Indeks]] -> DRWL-BIG-12-1
A94: DRWL-BIG-16-1 | B94: Płyta lam. biała gł. 16x2070x2800 mm | C94: K110SM | D94: szt | H94: Płyta wiórowa, MDF lam. | P94: PŁYTA OSB, MDF, WIÓROWA | Q94: Drewno | U94: 16 | AG94: =Tabela1[[#This Row],[Indeks]] -> DRWL-BIG-16-1
A95: DRWL-BIG-18-1 | B95: Płyta lam. biała gł. 18x2070x2800 mm | C95: K110SM | D95: szt | H95: Płyta wiórowa, MDF lam. | P95: PŁYTA OSB, MDF, WIÓROWA | Q95: Drewno | U95: 18 | AG95: =Tabela1[[#This Row],[Indeks]] -> DRWL-BIG-18-1
A96: DRWL-BIP-10-1 | B96: Płyta lam. biała per. 10x2070x2800 mm | C96: K101PE | D96: szt | H96: Płyta wiórowa, MDF lam. | P96: PŁYTA OSB, MDF, WIÓROWA | Q96: Drewno | U96: 10 | AG96: =Tabela1[[#This Row],[Indeks]] -> DRWL-BIP-10-1
A97: DRWL-BIP-12-1 | B97: Płyta lam. biała per. 12x2070x2800 mm | C97: K101PE | D97: szt | H97: Płyta wiórowa, MDF lam. | P97: PŁYTA OSB, MDF, WIÓROWA | Q97: Drewno | U97: 12 | AG97: =Tabela1[[#This Row],[Indeks]] -> DRWL-BIP-12-1
A98: DRWL-BIP-16-1 | B98: Płyta lam. biała per. 16x2070x2800 mm | C98: K101PE | D98: szt | H98: Płyta wiórowa, MDF lam. | P98: PŁYTA OSB, MDF, WIÓROWA | Q98: Drewno | U98: 16 | AG98: =Tabela1[[#This Row],[Indeks]] -> DRWL-BIP-16-1
A99: DRWL-BIP-18-1 | B99: Płyta lam. biała per. 18x2070x2800 mm | C99: K101PE | D99: szt | H99: Płyta wiórowa, MDF lam. | P99: PŁYTA OSB, MDF, WIÓROWA | Q99: Drewno | U99: 18 | AG99: =Tabela1[[#This Row],[Indeks]] -> DRWL-BIP-18-1
A100: DRWL-BIG2-10-1 | B100: Płyta lam. biała2 gł. 10x2070x2800 mm | C100: U511SM | D100: szt | H100: Płyta wiórowa, MDF lam. | P100: PŁYTA OSB, MDF, WIÓROWA | Q100: Drewno | U100: 10 | AG100: =Tabela1[[#This Row],[Indeks]] -> DRWL-BIG2-10-1
...

Sheet METAL
A1: LASER METAL | O1: SOYER | W1: CIĘCIE PROFILI BOMAR
A2: MATERIAŁ | B2: =VLOOKUP(KALKULATOR!B1,Materiały_zakupowe!A:AD,27,FALSE) -> 0 | D2: 0.00069444444 | M2: Stawka | N2: 1 | O2: Ilość trzpieni w detalu | P2: =KALKULATOR!C143 -> 1 | U2: Stawka | V2: 1 | W2: Nakład | X2: =KALKULATOR!I1 -> 100 | AF2: Stawka | AG2: 1
A3: GRUBOŚĆ | B3: =VLOOKUP(KALKULATOR!B1,Materiały_zakupowe!A:AD,21,FALSE) -> 3 | O3: Nakład | P3: =KALKULATOR!I1 -> 100 | W3: DŁUGOŚĆ CIĘCIA [mm] | X3: =KALKULATOR!C167 -> 1500
A4: ŁĄCZNA DŁUGOŚĆ | B4: =KALKULATOR!D124 -> 2000 | L4: Operacja | M4: =SUM(D9:E9)*B5 -> #N/A | N4: =$N$2*M4*24 -> #N/A | T4: Operacja | U4: =P7+((P5+P6)*P2)*P3 -> 0.025462963 | V4: =U4*24*$V$2 -> 0.61111111 | W4: DOKŁADNOŚĆ CIĘCIA | X4: =KALKULATOR!D167 -> WYMIAR DOCELOWY | AE4: Operacja | AF4: =IF(AND(AG12>0,AG12<AG11),AG12,AG11) -> #DIV/0! | AG4: =AF4*24*AG2 -> #DIV/0!
A5: NAKŁAD | B5: =KALKULATOR!I1/KALKULATOR!C124 -> 100 | L5: Przezbrojenie | M5: 0.013888889 | N5: =$N$2*M5*24 -> 0.33333333 | O5: Pobranie+odłożenie | P5: 0.00011574074 | T5: Przezbrojenie | U5: 0.0034722222 | V5: =U5*24*$V$2 -> 0.083333333 | W5: WYSOKOŚĆ PROFILA [mm] | X5: =VLOOKUP(KALKULATOR!B1,Tabela1[],28,FALSE) -> 0 | AE5: Przezbrojenie | AF5: 0.0034722222 | AG5: =AF5*24*$AG$2 -> 0.083333333
A6: ILOŚĆ ŚCIEŻEK NA 1 FORMATCE | B6: =KALKULATOR!E124 -> 15 | O6: Norma | P6: 6.9444444e-05 | W6: SZEROKOŚĆ PROFILA [mm] | X6: =VLOOKUP(KALKULATOR!B1,Tabela1[],29,FALSE) -> 0
O7: Przygotowanie | P7: 0.0069444444
D8: Czas wycinania | E8: WYMIANA FORMATEK
A9: średnia długość cięcia/1 ścieżkę | B9: =B4/B6 -> 133.33333 | D9: =B4/B10*D2 -> #N/A | E9: 0.00034722222 | O9: FLOODRILL | W9: Maks ilosc sztang w pakiecie | X9: =IF(X4=W15,Z15,Z16) -> #DIV/0!
A10: Prędkość | B10: =(VLOOKUP(B2&B3,$A$14:$F$23,MATCH(B9,$A$14:$F$14,1),FALSE)*B9+VLOOKUP(B2&B3,$G$14:$L$23,MATCH(B9,$G$14:$L$14,1),FALSE))/VLOOKUP(B2&B3,$M$15:$N$25,2,FALSE) -> #N/A | O10: WIELKOŚĆ GWINTU | P10: =KALKULATOR!C147 -> M8 | U10: Stawka | V10: 1 | W10: SZEROKOŚĆ PAKIETU | X10: WYSOKOŚĆ PAKIETU | Y10: CZAS/NORMA | Z10: CZAS ZAŁADUNKU 1 SZTANGI | AA10: długość sztangi | AB10: ILOŚĆ UŻYTKÓW Z 1 SZTANGI | AC10: ilość sztang | AD10: ilość pakietów | AE10: czas załadunku | AF10: czas cięcia | AG10: czas nakładu
O11: ILOŚĆ FLOODRILLI W DETALU | P11: =KALKULATOR!D147 -> 2 | W11: 200 | X11: 100 | Y11: 0.0020833333 | Z11: 0.00017361111 | AA11: 6000 | AB11: =ROUNDDOWN((AA11-4)/(X3+4),0) -> 3 | AC11: =ROUNDUP(X2/AB11,0) -> 34 | AD11: =ROUNDUP(AC11/X9,0) -> #DIV/0! | AE11: =(AC11*Z11)+((5/1440)*AD11) -> #DIV/0! | AF11: =Y11*(X2/AC11+1)*AD11 -> #DIV/0! | AG11: =SUM(AE11:AF11) -> #DIV/0!
O12: Nakład | P12: =KALKULATOR!I1 -> 100 | T12: Operacja | U12: =S18+((S19+VLOOKUP(P13,R14:S16,2,TRUE)*P11*VLOOKUP(P10,O15:P19,2,FALSE))*P12) -> 0.086574074 | V12: =U12*24*$V$10 -> 2.0777778 | W12: 250 | X12: 150 | Y12: 0.0020833333 | Z12: 0.00017361111 | AA12: 6000 | AB12: =ROUNDUP(X2/X9,0) -> #DIV/0! | AC12: =ROUNDUP(X2/AB12,0) -> #DIV/0! | AD12: =AC12/X9 -> #DIV/0! | AE12: =IF(AB12<AB11,(AC12*Z12)+((5/1440)*AD12),0) -> #DIV/0! | AF12: =IF(AB12<AB11,Y12*(AB12+1)*AD12,0) -> #DIV/0! | AG12: =SUM(AE12:AF12) -> #DIV/0!
B13: A | H13: B | O13: Grubość ścianki | P13: =VLOOKUP(KALKULATOR!B1,Materiały_zakupowe!A:U,21,FALSE) -> 3 | R13: Norma | T13: Przezbrojenie | U13: 0.0034722222 | V13: =U13*24*$V$10 -> 0.083333333
B14: 0 | C14: 100 | D14: 200 | E14: 400 | F14: 600 | H14: 0 | I14: 100 | J14: 200 | K14: 400 | L14: 600 | M14: Współczynnik | R14: 0 | S14: 0.00017361111
A15: Stal0,5 | B15: 0 | C15: 50 | D15: 25 | E15: 0 | F15: 0 | G15: Stal0,5 | H15: 5000 | I15: 0 | J15: 5000 | K15: 15000 | L15: 15000 | M15: Stal0,5 | N15: 1 | O15: M4 | P15: 1 | R15: 1.51 | S15: 0.00020833333 | W15: WYMIAR DOCELOWY | X15: =ROUNDDOWN(W11/X5,0) -> #DIV/0! | Y15: =ROUNDDOWN(X11/X6,0) -> #DIV/0! | Z15: =X15*Y15 -> #DIV/0!
A16: Stal1 | B16: 0 | C16: 50 | D16: 25 | E16: 0 | F16: 0 | G16: Stal1 | H16: 5000 | I16: 0 | J16: 5000 | K16: 15000 | L16: 15000 | M16: Stal1 | N16: 1 | O16: M5 | P16: 1.1 | R16: 2.01 | S16: 0.00023148148 | W16: DO PÓŹNIEJSZEGO PRZYCIĘCIA | X16: =ROUNDDOWN(W12/X5,0) -> #DIV/0! | Y16: =ROUNDDOWN(X12/X6,0) -> #DIV/0! | Z16: =X16*Y16 -> #DIV/0!
A17: Stal1,3 | B17: 0 | C17: 40 | D17: 15 | E17: 15 | F17: 0 | G17: Stal1,3 | H17: 5000 | I17: 1000 | J17: 6000 | K17: 6000 | L17: 15000 | M17: Stal1,3 | N17: 1 | O17: M6 | P17: 1.2
A18: Stal1,5 | B18: 0 | C18: 30 | D18: 20 | E18: 15 | F18: 0 | G18: Stal1,5 | H18: 5000 | I18: 2000 | J18: 4000 | K18: 6000 | L18: 15000 | M18: Stal1,5 | N18: 1 | O18: M8 | P18: 1.3 | R18: Przygotowanie | S18: 0.0090277778
A19: Stal2 | B19: 0 | C19: 20 | D19: 15 | E19: 15 | F19: 0 | G19: Stal2 | H19: 5000 | I19: 3000 | J19: 4000 | K19: 4000 | L19: 13000 | M19: Stal2 | N19: 1.3 | O19: M10 | P19: 1.4 | R19: Pobranie+odłożenie | S19: 0.00017361111
A20: Stal3 | B20: 0 | C20: 20 | D20: 0 | E20: 0 | F20: 0 | G20: Stal3 | H20: 4000 | I20: 2000 | J20: 6000 | K20: 6000 | L20: 6000 | M20: Stal3 | N20: 1.3 | O20: PRZETŁOCZENIA | W20: Otworowanie, wiercenie
A21: Stal4 | B21: 0 | C21: 20 | D21: 0 | E21: 0 | F21: 0 | G21: Stal4 | H21: 4000 | I21: 2000 | J21: 6000 | K21: 6000 | L21: 6000 | M21: Stal4 | N21: 1.8 | O21: ILOŚĆ PRZETŁOCZEŃ W DETALU | P21: =KALKULATOR!C151 -> 2 | U21: Stawka | V21: 1 | W21: Element | X21: =VLOOKUP(KALKULATOR!B1,Tabela1[],30,FALSE) -> 0 | AF21: Stawka | AG21: 1
A22: Stal10 | B22: 0 | C22: 20 | D22: 0 | E22: 0 | F22: 0 | G22: Stal10 | H22: 4000 | I22: 2000 | J22: 6000 | K22: 6000 | L22: 6000 | M22: Stal10 | N22: 1.8 | O22: naklad | P22: =KALKULATOR!I1 -> 100 | W22: Ilość otworów | X22: =KALKULATOR!C171 -> 1
A23: Nierdzewka1,5 | B23: 0 | C23: 20 | D23: 0 | E23: 0 | F23: 0 | G23: Nierdzewka1,5 | H23: 4600 | I23: 5700 | J23: 0 | K23: 0 | L23: 0 | M23: Nierdzewka1,5 | N23: 1 | T23: Operacja | U23: =(P24+(P25*P21))+((P26+P21*P27)*P22) -> 0.047222222 | V23: =U23*24*$V$21 -> 1.1333333 | W23: Nakład | X23: =KALKULATOR!I1 -> 100 | AE23: Operacja | AF23: =VLOOKUP($X$21,$W$27:$AB$30,6,FALSE) -> #N/A | AG23: =AF23*24*AG21 -> #N/A
O24: przebrojenie2 | P24: 0.015972222 | T24: Przezbrojenie | U24: 0.0034722222 | V24: =U24*24*$V$21 -> 0.083333333 | AE24: Przezbrojenie | AF24: 0.0034722222 | AG24: =AF24*24*AG21 -> 0.083333333
A25: Gięcie | O25: przygotowanie | P25: 0.0034722222
A26: RODZAJ GIĘCIA | B26: =KALKULATOR!C128 -> KĄTOWE | M26: Stawka | N26: 1 | O26: pobrani+odlozenie | P26: 0.00017361111
A27: ILOŚĆ GIĘĆ | B27: =KALKULATOR!D128 -> 4 | O27: norma | P27: 3.4722222e-05 | X27: CZAS/NORMA | Y27: CZAS UZBROJENIA | Z27: PRZEZBROJENIE | AA27: POBRANIE I ODŁOŻENIE EL. | AB27: Czas operacji
A28: NAKŁAD | B28: =KALKULATOR!I1 -> 100 | L28: Operacja | M28: =VLOOKUP(B26,A31:B32,2,FALSE)*B27*B28 -> 0.069444444 | N28: =M28*$N$26*24 -> 1.6666667 | O28: GWINTOWANIE WYGNIATAKIEM | W28: Blacha | X28: 3.4722222e-05 | Y28: 0.0027777778 | Z28: 0.010416667 | AA28: 9.2592593e-05 | AB28: =(Z28+(Y28*X22))+((AA28+X22*X28)*X23) -> 0.025925926
L29: Przezbrojenie | M29: 0.027777778 | N29: =M29*$N$26*24 -> 0.66666667 | U29: Stawka | V29: 1 | W29: Profil | X29: 3.4722222e-05 | Y29: 0.0013888889 | Z29: 0.0097222222 | AA29: 9.2592593e-05 | AB29: =(Z29+(Y29*X22))+((AA29+X22*X29)*X23) -> 0.023842593
O30: Grubość | P30: =VLOOKUP(KALKULATOR!B1,Materiały_zakupowe!A:AD,21,FALSE) -> 3 | W30: Płaskownik | X30: 3.4722222e-05 | Y30: 0.0013888889 | Z30: 0.0097222222 | AA30: 9.2592593e-05 | AB30: =(Z30+(Y30*X22))+((AA30+X22*X30)*X23) -> 0.023842593
A31: KĄTOWE | B31: 0.00017361111 | O31: Ilość gwintów | P31: =KALKULATOR!C155 -> 2 | T31: Operacja | U31: =P34+((P35+VLOOKUP(P30,O37:P39,2,TRUE)*P31)*P32) -> 0.033564815 | V31: =U31*24*$V$29 -> 0.80555556 | W31: Punktowanie
A32: PROMIENIOWE | B32: 0.00034722222 | O32: Nakład | P32: =KALKULATOR!I1 -> 100 | T32: Przezbrojenie | U32: 0.0034722222 | V32: =U32*24*$V$29 -> 0.083333333 | W32: Element | X32: =VLOOKUP(KALKULATOR!B1,Tabela1[],30,FALSE) -> 0 | AF32: Stawka | AG32: 1
W33: Ilość punktowań | X33: =KALKULATOR!C175 -> 2
O34: przezbrojenie2 | P34: 0.0069444444 | W34: Nakład | X34: =KALKULATOR!I1 -> 100 | AE34: Operacja | AF34: =VLOOKUP($X$32,$W$37:$AA$40,5,FALSE) -> #N/A | AG34: =AF34*24*AG32 -> #N/A
A35: SPAWANIE | O35: pobranie+odłożenie | P35: 0.00017361111 | AE35: Przezbrojenie | AF35: 0.0034722222 | AG35: =AF35*24*AG32 -> 0.083333333
A36: ILOŚĆ ELEMENTÓW W MODULE | B36: =KALKULATOR!C132 -> 2 | M36: Stawka | N36: 1 | O36: Norma | X36: CZAS/NORMA | Y36: CZAS UZBROJENIA | Z36: POBRANIE I ODŁOŻENIE EL. | AA36: Czas operacji
A37: ILOŚĆ SPAWÓW PUNKTOWYCH | B37: =KALKULATOR!D132 -> 8 | D37: POBIERANIE I ODKŁADANIE ELEMENTÓW | E37: CZAS 1 SPAWU PUNKTOWEGO | F37: czas inic. Spaw. | G37: CZAS SPAWANIA 100mm | L37: SPAWANIE | O37: 0 | P37: 3.4722222e-05 | W37: Blacha | X37: 3.4722222e-05 | Y37: 3.4722222e-05 | Z37: 4.6296296e-05 | AA37: =(X33*X37+Y37+Z37)*X34 -> 0.015046296
A38: ILOŚĆ SPAWÓW POWYŻEJ 20mm | B38: =KALKULATOR!E132 -> 0 | D38: 0.00034722222 | E38: 0.00013888889 | F38: 2.3148148e-05 | G38: 0.00023148148 | L38: Operacja | M38: =(B36*D38+B37*E38+G38*(B39/100)+B38*F38)*B40 -> 0.18055556 | N38: =M38*24*$N$36 -> 4.3333333 | O38: 1.51 | P38: 4.6296296e-05 | W38: Profil | X38: 3.4722222e-05 | Y38: 3.4722222e-05 | Z38: 4.6296296e-05 | AA38: =(X33*X38+Y38+Z38)*X34 -> 0.015046296
A39: ŁĄCZNA DŁUGOŚĆ SPAWÓW POWYŻEJ 20mm | B39: =KALKULATOR!F132 -> 0 | L39: Przezbrojenie | M39: 0.0069444444 | N39: =M39*24*$N$36 -> 0.16666667 | O39: 3.01 | P39: 5.787037e-05
A40: NAKŁAD (KOMPLETNE KONSTRUKCJE) | B40: =KALKULATOR!I1 -> 100 | O40: GWINTOWANIE MASZYNOWE OTWORÓW | W40: UKOSOWANIE
L41: SZLIFOWANIE | O41: GRUBOŚĆ BLACHY / ŚCIANKI PROFILA [mm] | P41: =VLOOKUP(KALKULATOR!B1,Materiały_zakupowe!A:AD,21,FALSE) -> 3 | U41: Stawka | V41: 1 | W41: Element | X41: =VLOOKUP(KALKULATOR!B1,Tabela1[],30,FALSE) -> 0 | AF41: Stawka | AG41: 1
L42: Operacja | M42: =(D46+B37*E46+(B39/100*F46)+B38*G46)*B40*B44 -> 0.076388889 | N42: =M42*24*$N$36 -> 1.8333333 | O42: ILOŚĆ GWINTÓW W DETALU | P42: =KALKULATOR!C159 -> 3 | W42: Nakład | X42: =KALKULATOR!I1 -> 100
L43: Przezbrojenie | M43: 0.0034722222 | N43: =M43*24*$N$36 -> 0.083333333 | O43: Nakład | P43: =KALKULATOR!I1 -> 100 | T43: Operacja | U43: =P47+((P48+VLOOKUP(P41,O45:P46,2,TRUE)*P42)*P43) -> 0.039930556 | V43: =U43*24*$V$41 -> 0.95833333 | W43: ILOŚĆ UKOSOWAŃ W DETALU | X43: =KALKULATOR!C179 -> 3 | AE43: Operacja | AF43: =VLOOKUP($X$41,$W$47:$AA$48,5,FALSE) -> #N/A | AG43: =AF43*24*AG41 -> #N/A
A44: ILE SZLIFOWANIA | B44: =KALKULATOR!C135 -> 1 | O44: NORMA | T44: Przezbrojenie | U44: 0.0034722222 | V44: =U44*24*$V$41 -> 0.083333333 | AE44: Przezbrojenie | AF44: 0.0034722222 | AG44: =AF44*24*AG41 -> 0.083333333
A45: 0 | D45: pobranie elementu | E45: szlifowanie 1pkt. | F45: szlifowanie 100mmb | G45: przejście do następnego spawu | O45: 0 | P45: 5.2083333e-05
A46: 0.5 | D46: 0.00011574074 | E46: 8.1018519e-05 | F46: 0.0019675926 | G46: 5.787037e-05 | O46: 3.1 | P46: 6.9444444e-05 | X46: CZAS/NORMA | Y46: PRZEZBROJENIE | Z46: POBRANIE I ODŁOŻENIE EL. | AA46: Suma
A47: 1 | O47: przezbrojenie2 | P47: 0.0069444444 | W47: Profil | X47: 0.0001875 | Y47: 0.010416667 | Z47: 9.2592593e-05 | AA47: =Y47+((Z47+X43*X47)*X42) -> 0.075925926
O48: pobranie+odłożenie | P48: 0.00017361111 | W48: Płaskownik | X48: 0.0001875 | Y48: 0.010416667 | Z48: 9.2592593e-05 | AA48: =Y48+((Z48+X43*X48)*X42) -> 0.075925926
A49: LAKIERNIA PROSZKOWA | O49: GWINTOWANIE MASZYNOWE PRĘTÓW | W49: DOCINANIE
A50: 0.041666667 | M50: Stawka | N50: 1 | O50: GRUBOŚĆ BLACHY / ŚCIANKI PROFILA [mm] | P50: =VLOOKUP(KALKULATOR!B1,Materiały_zakupowe!A:AD,21,FALSE) -> 3 | U50: Stawka | V50: 1 | W50: Element | X50: =VLOOKUP(KALKULATOR!B1,Tabela1[],30,FALSE) -> 0 | AF50: Stawka | AG50: 1
A51: POWIERZCHNIA ELEMENTU [m^2] | B51: =KALKULATOR!C139 -> 0.5 | O51: ILOŚĆ GWINTÓW W DETALU | P51: =KALKULATOR!C163 -> 3 | W51: Nakład | X51: =KALKULATOR!I1 -> 100
A52: Nakład | B52: =KALKULATOR!I1 -> 100 | L52: Operacja | M52: =B54/B55*A50 -> 0.063131313 | N52: =M52*24*$N$50 -> 1.5151515 | O52: Nakład | P52: =KALKULATOR!I1 -> 100 | T52: Operacja | U52: =P54+(P56+P55+P50*P57*P51)*P52 -> 0.074421296 | V52: =U52*24*$V$50 -> 1.7861111 | W52: ILOŚĆ DOCINANYCH KOŃCY W DETALU [1 lub 2] | X52: =KALKULATOR!C183 -> 4 | AE52: Operacja | AF52: =VLOOKUP($X$50,$W$55:$AA$58,5,FALSE) -> #N/A | AG52: =AF52*24*AG50 -> #N/A
L53: Przezbrojenie | N53: =M53*24*$N$50 -> 0 | T53: Przezbrojenie | U53: 0.0034722222 | V53: =U53*24*$V$50 -> 0.083333333 | AE53: Przezbrojenie | AF53: 0.0034722222 | AG53: =AF53*24*AG50 -> 0.083333333
A54: Ilość m2 do pomalowania | B54: =B52*B51 -> 50 | O54: Przezbrojenie2 | P54: 0.0069444444 | X54: CZAS/NORMA | Y54: PRZEZBROJENIE | Z54: POBRANIE I ODŁOŻENIE EL. | AA54: Suma
A55: zakładana wydajność[m2/h] | B55: 33 | D55: Cel lakierni wg Rafała wynosi 48 m2/h. Cel został zmniejsozny ze względu na występujące przezbrojenia (udział przezbrojeń w całej produkcji wynosi 6%- o tyle został zmniejszony cel) | E55: W wycenie zostala zmieniona wydajnosc względem rozliczenia. Wartosc 33 m2/h odpowiada stawce 21 pln za m2 malowania w outsourcingu. 704pln/MH=33*21 | N55: =SUM(N52:N53)/(B51*B52) -> 0.03030303 | O55: uzbrojenie | P55: 0.00011574074 | W55: Blacha | X55: 0.00022916667 | Y55: 0.013888889 | Z55: 9.2592593e-05 | AA55: =Y55+((Z55+$X$52*X55)*$X$51) -> 0.11481481
O56: pobranie+odłożenie | P56: 0.00017361111 | W56: Pręt | X56: 0.00022916667 | Y56: 0.013888889 | Z56: 9.2592593e-05 | AA56: =Y56+((Z56+$X$52*X56)*$X$51) -> 0.11481481
O57: norma | P57: 4.2824074e-05 | W57: Płaskownik | X57: 0.00022916667 | Y57: 0.013888889 | Z57: 9.2592593e-05 | AA57: =Y57+((Z57+$X$52*X57)*$X$51) -> 0.11481481
W58: Profil | X58: 0.00022916667 | Y58: 0.013888889 | Z58: 9.2592593e-05 | AA58: =Y58+((Z58+$X$52*X58)*$X$51) -> 0.11481481
A59: Zgrzewanie | O59: Frezowanie profili | W59: OKRAWANIE, WYKRAWANIE
A60: ILOŚĆ ELEMENTÓW | B60: =KALKULATOR!C199 -> 2 | M60: Stawka | N60: 1 | O60: 0.041666667 | U60: Stawka | V60: 70 | W60: Element | X60: =VLOOKUP(KALKULATOR!B1,Tabela1[],30,FALSE) -> 0 | AF60: Stawka | AG60: 1
A61: ILOŚĆ ZGRZEWÓW | B61: =KALKULATOR!D199 -> 7 | O61: ILOŚĆ PODFREZOWAŃ | P61: =KALKULATOR!C195 -> 1 | W61: Nakład | X61: =KALKULATOR!I1 -> 100
A62: Nakład | B62: =KALKULATOR!I1 -> 100 | L62: Operacja | M62: =F64*B60+B61*F65 -> 0.00075231481 | N62: =M62*24*$N$60 -> 0.018055556 | O62: DŁUGOŚĆ FREZOWANIA | P62: =KALKULATOR!D195 -> 7 | T62: Operacja | U62: =IF(S67<S66,S66,S67)*P61*P64 -> 0.023148148 | V62: =U62*24*V60 -> 38.888889 | W62: ILOŚĆ WYKRAWAŃ W DETALU | X62: =KALKULATOR!C187 -> 5 | AE62: Operacja | AF62: =VLOOKUP($X$60,$W$65:$AB$67,6,FALSE) -> #N/A | AG62: =AF62*24*AG60 -> #N/A
L63: Przezbrojenie | M63: 0.0034722222 | N63: =M63*24*$N$60 -> 0.083333333 | O63: ILOŚĆ ŻEBER DO FREZOWANIA | P63: =KALKULATOR!E195 -> DO 1 | T63: Przezbrojenie | U63: 0.083333333 | V63: =U63*24*$V$60 -> 140 | AE63: Przezbrojenie | AF63: 0.0034722222 | AG63: =AF63*24*AG60 -> 0.083333333
E64: Pobranie +odłożenie | F64: 0.00017361111 | O64: Nakład | P64: =KALKULATOR!I1 -> 100 | X64: CZAS/NORMA | Y64: CZAS UZBROJENIA | Z64: PRZEZBROJENIE | AA64: POBRANIE I ODŁOŻENIE EL. | AB64: Suma
E65: Zgrzew | F65: 5.787037e-05 | O65: DO 1 | P65: 1.1574074e-05 | W65: Blacha | X65: 3.4722222e-05 | Y65: 0.0034722222 | Z65: 0.0038194444 | AA65: 9.2592593e-05 | AB65: =(Z65+(Y65*X62))+((AA65+X62*X65)*X61) -> 0.047800926
O66: POWYŻEJ 1 | P66: 3.4722222e-05 | R66: czas minimalny | S66: 0.00023148148 | W66: Płaskownik | X66: 3.4722222e-05 | Y66: 0.0034722222 | Z66: 0.0038194444 | AA66: 9.2592593e-05 | AB66: =(Z66+(Y66*X62))+((AA66+X62*X66)*X61) -> 0.047800926
R67: Czas operacji 1 frezowania | S67: =IF(P63=O65,P65,P66)*P62 -> 8.1018519e-05 | W67: Profil | X67: 3.4722222e-05 | Y67: 0.0034722222 | Z67: 0.0038194444 | AA67: 9.2592593e-05 | AB67: =(Z67+(Y67*X62))+((AA67+X62*X67)*X61) -> 0.047800926
W68: Cięcie pręt, płaskownik
O69: Wciskanie PEM | W69: Element | X69: =VLOOKUP(KALKULATOR!B1,Tabela1[],30,FALSE) -> 0 | AF69: Stawka | AG69: 1
O70: Nakład | P70: =KALKULATOR!I1 -> 100 | U70: Stawka | V70: 1 | W70: Nakład | X70: =KALKULATOR!I1 -> 100
O71: Wielkość gwintu | P71: =KALKULATOR!C203 -> M5, M6 | W71: Wymiar cięcia | X71: =KALKULATOR!C191 -> 150 | AE71: Operacja | AF71: =VLOOKUP($X$69,$W$75:$AB$76,6,FALSE) -> #N/A | AG71: =AF71*24*AG69 -> #N/A
O72: Ilość PEM do wciśnięcia | P72: =KALKULATOR!D203 -> 10 | T72: Operacja | U72: =(VLOOKUP(P71,O79:Q80,2,FALSE)+VLOOKUP(P71,O79:Q80,3,FALSE)*P72)*P70 -> 0.083333333 | V72: =U72*24*V70 -> 2 | AE72: Przezbrojenie | AF72: 0.0034722222 | AG72: =AF72*24*AG69 -> 0.083333333
T73: Przezbrojenie | U73: 0.010416667 | V73: =U73*24*$V$60 -> 17.5
X74: CZAS/NORMA | Y74: CZAS UZBROJENIA | Z74: PRZEZBROJENIE | AA74: POBRANIE I ODŁOŻENIE EL. | AB74: Suma
W75: Pręt | X75: =VLOOKUP($X$71,W80:Y82,2,TRUE) -> 2.7777778e-05 | Y75: =VLOOKUP($X$71,W80:Y82,3,TRUE) -> 0.0017361111 | AA75: 9.2592593e-05 | AB75: =Y75+(AA75+X75)*$X$70 -> 0.013773148
W76: Płaskownik | X76: =VLOOKUP($X$71,AA80:AC82,2,TRUE) -> 5.5555556e-05 | Y76: =VLOOKUP($X$71,AA80:AC82,3,TRUE) -> 0.0020833333 | AA76: 9.2592593e-05 | AB76: =Y76+(AA76+X76)*$X$70 -> 0.016898148
P78: Pobranie/ odłożenie | Q78: czas na 1 PEM | W78: Pręt | AA78: Płaskownik
O79: M5, M6 | P79: 0.00013888889 | Q79: 6.9444444e-05 | X79: Norma | Y79: Uzbrojenie | AB79: Norma | AC79: Uzbrojenie
O80: Pozostałe | P80: 0.00011574074 | Q80: 0.00015046296 | W80: 0 | X80: 2.7777778e-05 | Y80: 0.0017361111 | AA80: 0 | AB80: 5.5555556e-05 | AC80: 0.0020833333
W81: 300 | X81: 4.8611111e-05 | Y81: 0.0024305556 | AA81: 400 | AB81: 6.9444444e-05 | AC81: 0.0020833333
W82: 700 | X82: 5.5555556e-05 | Y82: 0.0034722222 | AA82: 1000 | AB82: 9.0277778e-05 | AC82: 0.0055555556

Sheet Rysunek podgladowy - grafiki

Sheet Stawki_maszyn
A1: Dzial | B1: Maszyna | C1: Stawka | D1: Typ
A2: Dział Przedmontaży Żywic | B2: Wykonanie odlewów 1 | C2: 38 | D2: Rbh
A3: Dział Przedmontaży Żywic | B3: Wykonanie odlewów 2 | C3: 38 | D3: MaszH
A4: Dział Przedmontaży Żywic | B4: Wykonanie odlewów 3 | C4: 38 | D4: MaszH
A5: Wydział DREWNA | B5: Centrum BHX | C5: 95 | D5: MaszH
A6: Wydział DREWNA | B6: Centrum obróbcze Homag | C6: 85 | D6: MaszH
A7: Wydział DREWNA | B7: Frezarka do naroży | C7: 70 | D7: MaszH
A8: Wydział DREWNA | B8: Okleiniarka Brandt | C8: 100 | D8: MaszH
A9: Wydział DREWNA | B9: Okleiniarka JAROMA | C9: 70 | D9: MaszH
A10: Wydział DREWNA | B10: Piła panelowa Holzma | C10: 100 | D10: MaszH
A11: Wydział DREWNA | B11: Ploter A6010 | C11: 50 | D11: MaszH
A12: Wydział DREWNA | B12: Ploter Proto | C12: 50 | D12: MaszH
A13: Wydział DREWNA | B13: Wiertarka Wielowrzecionowa | C13: 70 | D13: MaszH
... A101: Wydział WTRYSKU | B101: Wytłaczarka do profili | C101: 75 | D101: MaszH

Sheet Materiały_maszyny
A1: KALKULATORY NA MASZYNY - TWORZYWA
A2: FREZARKI | B2: PLOTER DRUKUJĄCY | C2: PLOTER TNĄCY | D2: FORMATYZERKA | E2: GILOTYNA | F2: INFOTEC | G2: KASZEROWANIE | H2: LASER | I2: PLETERY FREZUJĄCE | J2: ATMA | K2: XANA | L2: INSIGNIA | M2: SZTANCOWANIE | N2: TERMOFORMOWANIE | P2: PIŁA POZIOMA
A3: Materiał | B3: Materiał | C3: Materiał | D3: Materiał | E3: Materiał | F3: Materiał | G3: Materiał | H3: Materiał | I3: Materiał | J3: Materiał | K3: Materiał | L3: Materiał | M3: Materiał | N3: Materiał | O3: KOLOR | P3: Materiał
A4: PLEXA | B4: PAPIER, FOLIA | C4: FOLIA METALICZNA, BROKAT | D4: PCV spienione | E4: PCV Z DRUKIEM | F4: PLEXA | G4: T. LITA #2 | H4: PLEXI | I4: PLEXI | J4: PAPIER, FOLIA, KARTON | K4: Tworzywo | L4: TWORZYWO | M4: TEKTURA / PAPIER / FOLIA | N4: PLEXI | O4: METALICZNE PERŁOWE | P4: ABS
A5: PCV | B5: BACKLITE NISKA JAKOŚĆ | C5: DRUK LAMINOWANY | D5: Tupet, vivak, pet | E5: HIPS Z DRUKIEM LUB LUSTRO | F5: HIPS | G5: T. LITA #1,5 | H5: SKLEJKA | I5: PCV | J5: TWORZYWO | K5: Papier, Folia | L5: PAPIER, FOLIA. KARTON | M5: TWORZYWO | N5: PCV | O5: POZOSTAŁE | P5: HIPS
A6: PCV Spieniona | B6: BACKLITE WYSOKA JAKOŚĆ | C6: FOLIA | D6: DIBOND | E6: DRUK OFF SET [≠0,2] | F6: PCV | G6: T. FALA [E] | H6: VIVAK / PET itp. | I6: PCV SPIENIONA | M6: ELEMENTY Z NADRUKIEM DO PASOWANIA | N6: TUPET /PET / AXPET | P6: AXPET
A7: VIVAK/PET/TUPET/AXPET | C7: BANER | D7: Hips | E7: DRUK SITO (folia, papier) [≠0,2] | F7: PCV SP. | G7: T. FALA [B] | H7: HIPS | I7: DIBOND | N7: HIPS / ABS | P7: PET/VIVAK
A8: HIPS | D8: Plexa | E8: KASZEROWANY | F8: PET | G8: T. FALA [EB] | I8: ALUMINIUM | N8: VIVAK | P8: PCV
D9: Płyta wiórowa, MDF lam. | E9: KODY, ETYKIETY, INSTRUKCJE itp. [#0,2] | F9: DIBOND | G9: TWORZYWO | I9: PŁYTA OSB, MDF, WIÓROWA | P9: PMMA
D10: Płyta wiórowa, MDF sur. | E10: PCV | I10: VIVAK / PET | P10: PMMA HI
D11: HDF sur. | E11: HIPS | I11: HIPS
D12: HDF lam. | E12: VIVAK
D13: Sklejka | E13: TUPET /PET / AXPET
D14: Nadruk | E14: FOREX
E15: TEKTURA LITA [≠2]
E16: WYTŁOCZKI I POJEDYNCZE
E17: TEKTURA FAL. [3W, 5W]
E18: BACKLITE
E19: DRUK OFF SET [≠0,5] GRUBA ALASKA
